#VALUE!;;Controversies Customer Health & Safety;Controversies Responsible R&D;Controversies Privacy;Controversies Responsible Marketing;Controversies Product Access;Environmental Controversies Count;Diversity and Opportunity Controversies;Employees Health & Safety Controversies;Child Labor Controversies;Human Rights Controversies;Public Health Controversies;Tax Fraud Controversies;Critical Countries Controversies
BNPP.PA;31/12/2021;0;0;0;0;0;1;0;0;0;0;0;0;0
BNPP.PA;31/12/2020;0;0;0;0;0;0;0;0;0;0;0;0;0
BNPP.PA;31/12/2019;0;0;0;0;0;0;2;0;0;0;0;0;2
BNPP.PA;31/12/2018;0;0;0;0;0;0;0;0;0;0;0;0;0
BNPP.PA;31/12/2017;0;0;1;0;0;0;0;0;0;0;0;0;0
BNPP.PA;31/12/2016;0;0;0;0;0;0;0;0;0;0;0;0;0
BNPP.PA;31/12/2015;0;0;0;0;0;0;0;0;0;0;0;1;0
BNPP.PA;31/12/2014;0;0;0;0;0;0;0;0;0;0;0;0;2
BNPP.PA;31/12/2013;0;0;0;0;0;0;0;0;0;0;0;0;0
BNPP.PA;31/12/2012;0;0;1;0;0;0;0;0;0;0;0;0;0
BNPP.PA;31/12/2011;0;0;0;1;0;0;1;0;0;0;0;0;0
BNPP.PA;31/12/2010;0;0;0;1;0;0;0;0;0;0;0;0;0
BNPP.PA;31/12/2009;0;0;0;0;0;0;0;0;0;0;0;0;0
BNPP.PA;31/12/2008;0;0;0;0;0;0;0;0;0;0;0;0;1
BNPP.PA;31/12/2007;0;0;0;0;0;0;0;0;0;0;0;0;0
BNPP.PA;31/12/2006;0;0;0;0;0;0;0;0;0;0;0;1;0
BNPP.PA;31/12/2005;0;0;0;0;0;0;0;0;0;0;0;0;0
BNPP.PA;31/12/2004;0;0;0;0;0;0;0;0;0;0;0;0;0
BNPP.PA;31/12/2003;0;0;0;0;0;0;0;0;0;0;0;0;0
BNPP.PA;31/12/2002;0;0;0;0;0;0;0;0;0;0;0;0;0
SCHN.PA;31/12/2022;0;0;0;0;0;0;0;0;0;0;0;0;0
SCHN.PA;31/12/2021;0;0;0;0;0;0;0;0;0;0;0;0;0
SCHN.PA;31/12/2020;0;0;0;0;0;0;0;0;0;0;0;0;0
SCHN.PA;31/12/2019;0;0;0;0;0;0;0;0;0;0;0;0;0
SCHN.PA;31/12/2018;0;0;1;0;0;0;0;0;0;0;0;0;0
SCHN.PA;31/12/2017;0;0;0;0;0;0;0;0;0;0;0;0;0
SCHN.PA;31/12/2016;0;0;0;0;0;0;0;0;0;0;0;0;0
SCHN.PA;31/12/2015;0;0;0;0;0;0;0;0;0;0;0;0;0
SCHN.PA;31/12/2014;0;0;0;0;0;0;0;0;0;0;0;0;0
SCHN.PA;31/12/2013;1;0;0;0;0;0;0;0;0;0;0;0;0
SCHN.PA;31/12/2012;0;0;0;0;0;0;0;0;0;0;0;0;0
SCHN.PA;31/12/2011;0;0;0;0;0;0;0;0;0;0;0;0;0
SCHN.PA;31/12/2010;0;0;0;0;0;0;0;1;0;0;0;0;0
SCHN.PA;31/12/2009;0;0;0;0;0;0;0;0;0;0;0;0;0
SCHN.PA;31/12/2008;0;0;0;0;0;0;0;0;0;0;0;0;0
SCHN.PA;31/12/2007;0;0;0;0;0;0;0;0;0;0;0;0;0
SCHN.PA;31/12/2006;0;0;0;0;0;0;0;0;0;0;0;0;0
SCHN.PA;31/12/2005;0;0;0;0;0;0;0;0;0;0;0;0;0
SCHN.PA;31/12/2004;0;0;0;0;0;0;0;0;0;0;0;0;0
SCHN.PA;31/12/2003;0;0;0;0;0;0;0;0;0;0;0;0;0
SGOB.PA;31/12/2021;0;0;0;0;0;0;0;0;0;0;1;0;0
SGOB.PA;31/12/2020;0;0;0;0;0;0;0;0;0;0;0;0;0
SGOB.PA;31/12/2019;0;0;0;0;0;0;0;0;0;0;0;0;0
SGOB.PA;31/12/2018;0;0;0;0;0;0;0;0;0;0;0;0;0
SGOB.PA;31/12/2017;0;0;1;0;0;0;0;0;0;0;0;0;0
SGOB.PA;31/12/2016;0;0;0;0;0;0;0;0;0;0;0;0;0
SGOB.PA;31/12/2015;0;0;0;0;0;0;0;0;0;0;0;0;0
SGOB.PA;31/12/2014;0;0;0;0;0;0;0;0;0;0;0;0;0
SGOB.PA;31/12/2013;0;0;0;0;0;0;0;0;0;0;0;0;0
SGOB.PA;31/12/2012;0;0;0;0;0;0;0;0;0;0;0;0;0
SGOB.PA;31/12/2011;0;0;0;0;0;0;0;1;0;0;0;0;0
SGOB.PA;31/12/2010;0;0;0;0;0;0;0;1;0;0;0;0;0
SGOB.PA;31/12/2009;0;0;0;0;0;0;0;0;0;0;0;0;0
SGOB.PA;31/12/2008;0;0;0;0;0;0;0;1;0;0;0;0;0
SGOB.PA;31/12/2007;0;0;0;0;0;0;0;0;0;0;0;0;0
SGOB.PA;31/12/2006;0;0;0;0;0;0;0;1;0;0;0;0;0
SGOB.PA;31/12/2005;0;0;0;0;0;0;0;0;0;0;0;0;0
SGOB.PA;31/12/2004;0;0;0;0;0;0;0;0;0;0;0;0;0
SGOB.PA;31/12/2003;0;0;0;0;0;0;0;1;0;0;0;0;0
SGOB.PA;31/12/2002;0;0;0;0;0;0;0;0;0;0;0;0;0
SOPR.PA;31/12/2021;0;0;0;0;0;0;0;0;0;0;0;0;0
SOPR.PA;31/12/2020;0;0;1;0;0;0;0;0;0;0;0;0;0
SOPR.PA;31/12/2019;0;0;0;0;0;0;0;0;0;0;0;0;0
SOPR.PA;31/12/2018;0;0;0;0;0;0;0;0;0;0;0;0;0
SOPR.PA;31/12/2017;0;0;0;0;0;0;0;0;0;0;0;0;0
SOPR.PA;31/12/2016;0;0;0;0;0;0;0;0;0;0;0;0;0
SOPR.PA;31/12/2015;0;0;0;0;0;0;0;0;0;0;0;0;0
SOPR.PA;31/12/2014;0;0;0;0;0;0;0;0;0;0;0;0;0
SOPR.PA;31/12/2013;0;0;0;0;0;0;0;0;0;0;0;0;0
SOPR.PA;31/12/2012;0;0;0;0;0;0;0;0;0;0;0;0;0
SOPR.PA;31/12/2011;0;0;0;0;0;0;0;0;0;0;0;0;0
SOPR.PA;31/12/2010;0;0;0;0;0;0;0;0;0;0;0;0;0
SOPR.PA;31/12/2009;0;0;0;0;0;0;0;0;0;0;0;0;0
SOPR.PA;31/12/2008;0;0;0;0;0;0;0;0;0;0;0;0;0
SOPR.PA;31/12/2007;0;0;0;0;0;0;0;0;0;0;0;0;0
SOPR.PA;31/12/2006;0;0;0;0;0;0;0;0;0;0;0;0;0
SOPR.PA;31/12/2005;0;0;0;0;0;0;0;0;0;0;0;0;0
SOPR.PA;31/12/2004;0;0;0;0;0;0;0;0;0;0;0;0;0
SOPR.PA;31/12/2003;0;0;0;0;0;0;0;0;0;0;0;0;0
SOPR.PA;31/12/2002;0;0;0;0;0;0;0;0;0;0;0;0;0
AIR.PA;31/12/2022;1;0;0;0;0;0;0;1;0;0;0;0;1
AIR.PA;31/12/2021;2;0;0;0;0;0;0;0;0;0;0;0;0
AIR.PA;31/12/2020;0;0;0;0;0;0;0;0;0;0;0;0;0
AIR.PA;31/12/2019;0;0;3;0;0;0;0;0;0;0;0;0;0
AIR.PA;31/12/2018;0;0;0;1;0;0;0;0;0;0;0;0;0
AIR.PA;31/12/2017;1;0;0;0;0;0;0;0;0;0;0;0;0
AIR.PA;31/12/2016;1;0;0;0;0;0;0;0;0;0;0;0;0
AIR.PA;31/12/2015;0;0;0;0;0;0;0;0;0;0;0;0;0
AIR.PA;31/12/2014;0;0;0;0;0;0;0;2;0;0;0;0;0
AIR.PA;31/12/2013;0;0;0;0;0;0;0;0;0;0;0;0;0
AIR.PA;31/12/2012;0;0;0;0;0;0;0;0;0;0;0;0;0
AIR.PA;31/12/2011;0;0;0;0;0;0;0;0;0;0;0;0;0
AIR.PA;31/12/2010;0;0;0;0;0;0;0;0;0;0;0;0;0
AIR.PA;31/12/2009;0;0;0;0;0;0;0;0;0;0;0;0;0
AIR.PA;31/12/2008;0;0;0;0;0;0;1;0;0;0;0;0;0
AIR.PA;31/12/2007;0;0;0;0;0;0;0;0;0;0;0;0;0
AIR.PA;31/12/2006;0;0;0;0;0;0;0;0;0;0;0;0;0
AIR.PA;31/12/2005;0;0;0;0;0;0;0;0;0;0;0;0;0
AIR.PA;31/12/2004;0;0;0;0;0;0;0;0;0;0;0;0;0
AIR.PA;31/12/2003;0;0;0;0;0;0;0;0;0;0;0;0;0
BOLL.PA;31/12/2022;0;0;0;0;0;0;0;0;0;0;0;0;0
BOLL.PA;31/12/2021;0;0;0;0;0;0;0;0;0;0;0;0;0
BOLL.PA;31/12/2020;0;0;0;0;0;0;0;0;0;0;0;0;0
BOLL.PA;31/12/2019;0;0;0;0;0;0;0;0;0;0;0;0;0
BOLL.PA;31/12/2018;1;0;0;0;0;0;0;0;0;0;0;0;0
BOLL.PA;31/12/2017;0;0;0;0;0;0;0;0;0;0;0;0;0
BOLL.PA;31/12/2016;0;0;0;0;0;0;0;0;0;0;0;0;0
BOLL.PA;31/12/2015;0;0;0;0;0;0;0;0;0;0;0;0;0
BOLL.PA;31/12/2014;0;0;0;0;0;0;0;0;0;0;0;0;0
BOLL.PA;31/12/2013;0;0;0;0;0;0;0;0;0;0;0;0;0
BOLL.PA;31/12/2012;0;0;0;0;0;0;0;0;0;0;0;0;0
BOLL.PA;31/12/2011;0;0;0;0;0;0;0;0;0;0;0;0;0
BOLL.PA;31/12/2010;0;0;0;0;0;0;0;0;0;0;0;0;0
BOLL.PA;31/12/2009;0;0;0;0;0;0;0;0;0;0;0;0;0
BOLL.PA;31/12/2008;0;0;0;0;0;0;0;0;0;0;0;0;0
BOLL.PA;31/12/2007;0;0;0;0;0;0;0;0;0;0;0;0;0
BOLL.PA;31/12/2006;0;0;0;0;0;0;0;0;0;0;0;0;0
BOLL.PA;31/12/2005;0;0;0;0;0;0;0;0;0;0;0;0;0
BOLL.PA;31/12/2004;0;0;0;0;0;0;0;0;0;0;0;0;0
BOLL.PA;31/12/2003;0;0;0;0;0;0;0;0;0;0;0;0;0
ESLX.PA;31/12/2022;0;0;0;0;0;0;0;0;0;0;0;0;0
ESLX.PA;31/12/2021;0;0;0;0;0;0;0;0;0;0;0;0;0
ESLX.PA;31/12/2020;0;0;1;0;0;0;0;0;0;0;0;0;0
ESLX.PA;31/12/2019;0;0;0;0;0;0;0;0;0;0;0;0;0
ESLX.PA;31/12/2018;0;0;0;0;0;0;0;0;0;0;0;0;0
ESLX.PA;31/12/2017;0;0;0;0;0;0;0;0;0;0;0;0;0
ESLX.PA;31/12/2016;0;0;0;0;0;0;0;0;0;0;0;0;0
ESLX.PA;31/12/2015;0;0;0;0;0;0;0;0;0;0;0;0;0
ESLX.PA;31/12/2014;0;0;0;0;0;0;0;0;0;0;0;0;0
ESLX.PA;31/12/2013;0;0;0;0;0;0;0;0;0;0;0;0;0
ESLX.PA;31/12/2012;0;0;0;0;0;0;0;0;0;0;0;0;0
ESLX.PA;31/12/2011;0;0;0;0;0;0;0;0;0;0;0;0;0
ESLX.PA;31/12/2010;0;0;0;0;0;0;0;0;0;0;0;0;0
ESLX.PA;31/12/2009;0;0;0;0;0;0;0;0;0;0;0;0;0
ESLX.PA;31/12/2008;0;0;0;0;0;0;0;0;0;0;0;0;0
ESLX.PA;31/12/2007;0;0;0;0;0;0;0;0;0;0;0;0;0
ESLX.PA;31/12/2006;0;0;0;0;0;0;0;0;0;0;0;0;0
ESLX.PA;31/12/2005;0;0;0;0;0;0;0;0;0;0;0;0;0
ESLX.PA;31/12/2004;0;0;0;0;0;0;0;0;0;0;0;0;0
ESLX.PA;31/12/2003;0;0;0;0;0;0;0;0;0;0;0;0;0
CASP.PA;31/12/2022;0;0;0;0;0;1;0;0;0;1;0;0;0
CASP.PA;31/12/2021;0;0;0;0;0;1;0;0;0;0;0;0;0
CASP.PA;31/12/2020;0;0;0;0;0;0;0;0;0;0;0;0;0
CASP.PA;31/12/2019;0;0;0;0;0;0;0;0;0;0;0;0;0
CASP.PA;31/12/2018;0;0;0;0;0;0;0;0;0;0;0;0;0
CASP.PA;31/12/2017;0;0;0;0;0;0;0;0;0;0;0;0;0
CASP.PA;31/12/2016;0;0;0;0;0;0;0;0;0;0;0;0;0
CASP.PA;31/12/2015;0;0;0;0;0;0;0;0;0;0;0;0;0
CASP.PA;31/12/2014;0;0;0;0;0;0;0;0;0;0;0;0;0
CASP.PA;31/12/2013;0;0;0;0;0;0;0;0;0;0;0;0;0
CASP.PA;31/12/2012;0;0;0;0;0;0;0;0;0;0;0;0;0
CASP.PA;31/12/2011;0;0;0;0;0;0;0;0;0;0;0;0;0
CASP.PA;31/12/2010;0;0;0;0;0;0;0;0;0;0;0;0;0
CASP.PA;31/12/2009;0;0;0;0;0;0;0;0;0;0;0;0;0
CASP.PA;31/12/2008;0;0;0;0;0;0;0;0;0;0;0;0;0
CASP.PA;31/12/2007;0;0;0;0;0;0;0;0;0;0;0;0;0
CASP.PA;31/12/2006;0;0;0;0;0;0;0;0;0;0;0;0;0
CASP.PA;31/12/2005;0;0;0;0;0;0;0;0;0;0;0;0;0
CASP.PA;31/12/2004;0;0;0;0;0;0;0;0;0;0;0;0;0
CASP.PA;31/12/2003;0;0;0;0;0;0;0;0;0;0;0;0;0
AXAF.PA;31/12/2022;0;0;0;0;0;0;0;0;0;0;0;0;0
AXAF.PA;31/12/2021;0;0;1;0;0;0;0;0;0;0;0;0;0
AXAF.PA;31/12/2020;0;0;0;0;0;0;0;0;0;0;0;0;0
AXAF.PA;31/12/2019;0;0;0;0;0;0;0;0;0;0;0;0;0
AXAF.PA;31/12/2018;0;0;0;0;0;0;0;0;0;0;0;0;0
AXAF.PA;31/12/2017;0;0;0;0;0;0;0;0;0;0;0;0;0
AXAF.PA;31/12/2016;0;0;0;0;0;0;0;0;0;0;0;0;0
AXAF.PA;31/12/2015;0;0;0;0;0;0;0;0;0;0;0;0;0
AXAF.PA;31/12/2014;0;0;0;0;0;0;0;0;0;0;0;0;0
AXAF.PA;31/12/2013;0;0;0;0;0;0;0;0;0;0;0;0;0
AXAF.PA;31/12/2012;0;0;0;0;0;0;0;0;0;0;0;0;0
AXAF.PA;31/12/2011;0;0;0;0;0;0;1;0;0;0;0;0;0
AXAF.PA;31/12/2010;0;0;0;0;0;0;0;0;0;0;0;0;0
AXAF.PA;31/12/2009;0;0;0;0;0;0;0;0;0;0;0;0;0
AXAF.PA;31/12/2008;0;0;0;0;0;0;0;0;0;0;0;0;0
AXAF.PA;31/12/2007;0;0;0;0;0;0;0;0;0;0;0;0;0
AXAF.PA;31/12/2006;0;0;0;1;0;0;0;0;0;0;0;1;0
AXAF.PA;31/12/2005;0;0;0;0;0;0;0;0;0;0;0;0;0
AXAF.PA;31/12/2004;0;0;0;0;0;0;0;0;0;0;0;0;0
AXAF.PA;31/12/2003;0;0;0;0;0;0;0;0;0;0;0;0;0
BOUY.PA;31/12/2022;0;0;0;0;0;0;0;0;0;0;0;0;0
BOUY.PA;31/12/2021;0;0;0;0;0;0;0;0;0;0;0;0;0
BOUY.PA;31/12/2020;0;0;0;0;0;0;0;0;0;0;0;0;0
BOUY.PA;31/12/2019;0;0;0;0;0;0;0;0;0;0;0;0;0
BOUY.PA;31/12/2018;0;0;0;0;0;0;0;0;0;0;0;0;0
BOUY.PA;31/12/2017;0;0;0;0;0;0;0;0;0;0;0;0;0
BOUY.PA;31/12/2016;0;0;0;0;0;0;0;0;0;0;0;0;0
BOUY.PA;31/12/2015;0;0;0;0;0;0;0;0;0;0;0;0;0
BOUY.PA;31/12/2014;0;0;0;0;0;0;0;1;0;0;1;0;0
BOUY.PA;31/12/2013;0;0;0;0;0;0;0;0;0;0;0;0;0
BOUY.PA;31/12/2012;0;0;0;0;0;0;0;0;0;0;0;0;0
BOUY.PA;31/12/2011;0;0;0;0;0;0;0;0;0;0;0;0;0
BOUY.PA;31/12/2010;0;0;0;0;0;0;0;0;0;0;0;0;0
BOUY.PA;31/12/2009;0;0;0;0;0;0;0;0;0;0;0;0;0
BOUY.PA;31/12/2008;0;0;0;0;0;0;0;0;0;0;0;0;0
BOUY.PA;31/12/2007;0;0;0;0;0;0;0;0;0;0;0;0;0
BOUY.PA;31/12/2006;0;0;0;0;0;0;0;0;0;0;0;0;0
BOUY.PA;31/12/2005;0;0;0;0;0;0;0;0;0;0;0;0;0
BOUY.PA;31/12/2004;0;0;0;0;0;0;0;0;0;0;0;0;0
BOUY.PA;31/12/2003;0;0;0;0;0;0;0;0;0;0;0;0;0
ORP.PA;31/12/2021;0;0;0;0;0;0;0;0;0;0;0;0;0
ORP.PA;31/12/2020;0;0;2;0;0;0;0;0;0;0;0;0;0
ORP.PA;31/12/2019;0;0;0;0;0;0;0;0;0;0;0;0;0
ORP.PA;31/12/2018;0;0;0;0;0;0;0;0;0;0;0;0;0
ORP.PA;31/12/2017;0;0;0;0;0;0;0;0;0;0;0;0;0
ORP.PA;31/12/2016;0;0;0;0;0;0;0;0;0;0;0;0;0
ORP.PA;31/12/2015;0;0;0;0;0;0;0;0;0;0;0;0;0
ORP.PA;31/12/2014;0;0;0;0;0;0;0;0;0;0;0;0;0
ORP.PA;31/12/2013;0;0;0;0;0;0;0;0;0;0;0;0;0
ORP.PA;31/12/2012;0;0;0;0;0;0;0;0;0;0;0;0;0
ORP.PA;31/12/2011;0;0;0;0;0;0;0;0;0;0;0;0;0
ORP.PA;31/12/2010;0;0;0;0;0;0;0;0;0;0;0;0;0
ORP.PA;31/12/2009;0;0;0;0;0;0;0;0;0;0;0;0;0
ORP.PA;31/12/2008;0;0;0;0;0;0;0;0;0;0;0;0;0
ORP.PA;31/12/2007;0;0;0;0;0;0;0;0;0;0;0;0;0
ORP.PA;31/12/2006;0;0;0;0;0;0;0;0;0;0;0;0;0
ORP.PA;31/12/2005;0;0;0;0;0;0;0;0;0;0;0;0;0
ORP.PA;31/12/2004;0;0;0;0;0;0;0;0;0;0;0;0;0
ORP.PA;31/12/2003;0;0;0;0;0;0;0;0;0;0;0;0;0
ORP.PA;31/12/2002;0;0;0;0;0;0;0;0;0;0;0;0;0
SOLB.BR;31/12/2022;0;0;0;0;0;1;0;0;0;0;0;0;0
SOLB.BR;31/12/2021;0;0;0;0;0;1;0;0;0;0;0;0;0
SOLB.BR;31/12/2020;0;0;0;0;0;0;0;0;0;0;0;0;0
SOLB.BR;31/12/2019;0;0;0;0;0;0;0;0;0;0;0;0;0
SOLB.BR;31/12/2018;0;0;0;0;0;0;0;0;0;0;0;0;0
SOLB.BR;31/12/2017;0;0;0;0;0;0;0;0;0;0;0;0;0
SOLB.BR;31/12/2016;0;0;0;0;0;0;0;0;0;0;0;0;0
SOLB.BR;31/12/2015;0;0;0;0;0;0;0;0;0;0;0;0;0
SOLB.BR;31/12/2014;0;0;0;0;0;0;0;1;0;0;0;0;0
SOLB.BR;31/12/2013;0;0;0;0;0;0;0;0;0;0;0;0;0
SOLB.BR;31/12/2012;0;0;0;0;0;0;0;0;0;0;0;0;0
SOLB.BR;31/12/2011;0;0;0;0;0;0;0;0;0;0;0;0;0
SOLB.BR;31/12/2010;0;0;0;0;0;0;0;0;0;0;0;0;0
SOLB.BR;31/12/2009;0;0;0;0;0;0;0;0;0;0;0;0;0
SOLB.BR;31/12/2008;0;0;0;0;0;0;0;0;0;0;0;0;0
SOLB.BR;31/12/2007;0;0;0;0;0;0;0;0;0;0;0;0;0
SOLB.BR;31/12/2006;0;0;0;0;0;0;0;0;0;0;0;0;0
SOLB.BR;31/12/2005;0;0;0;0;0;0;0;0;0;0;0;0;0
SOLB.BR;31/12/2004;0;0;0;0;0;0;0;0;0;0;0;0;0
SOLB.BR;31/12/2003;0;0;0;0;0;0;0;0;0;0;0;0;0
OREP.PA;31/12/2022;2;0;0;2;0;0;0;0;0;0;0;0;0
OREP.PA;31/12/2021;0;0;0;0;0;0;0;0;0;0;0;0;0
OREP.PA;31/12/2020;0;0;0;0;0;0;0;0;0;0;0;0;0
OREP.PA;31/12/2019;0;0;0;0;0;0;0;0;0;0;0;0;0
OREP.PA;31/12/2018;0;0;0;0;0;0;0;0;0;0;0;0;0
OREP.PA;31/12/2017;0;0;0;0;0;0;0;0;0;0;0;0;0
OREP.PA;31/12/2016;0;0;0;1;0;1;0;0;0;0;1;0;0
OREP.PA;31/12/2015;0;0;0;0;0;0;0;0;0;0;0;0;0
OREP.PA;31/12/2014;0;0;0;1;0;0;0;0;0;0;0;0;0
OREP.PA;31/12/2013;0;0;0;1;0;0;0;0;0;0;0;0;0
OREP.PA;31/12/2012;0;0;0;0;0;0;0;0;0;0;0;0;0
OREP.PA;31/12/2011;0;0;0;1;0;0;0;0;0;0;0;0;0
OREP.PA;31/12/2010;0;0;0;2;0;0;0;0;0;0;0;0;0
OREP.PA;31/12/2009;1;0;0;1;0;0;2;0;0;0;0;0;0
OREP.PA;31/12/2008;4;0;0;1;0;0;1;0;0;0;0;0;0
OREP.PA;31/12/2007;1;0;0;0;0;0;1;0;0;0;0;0;0
OREP.PA;31/12/2006;2;0;0;1;0;0;1;0;0;0;0;0;0
OREP.PA;31/12/2005;0;0;0;2;0;0;1;0;0;0;0;0;0
OREP.PA;31/12/2004;1;0;0;0;0;0;1;0;0;0;0;0;0
OREP.PA;31/12/2003;0;0;0;0;0;0;0;0;0;0;0;0;0
STMPA.PA;31/12/2022;0;0;0;0;0;0;0;0;0;0;0;0;0
STMPA.PA;31/12/2021;0;0;0;0;0;0;0;0;0;0;0;0;0
STMPA.PA;31/12/2020;0;0;0;0;0;0;0;0;0;0;0;0;0
STMPA.PA;31/12/2019;0;0;0;0;0;0;0;0;0;0;0;0;0
STMPA.PA;31/12/2018;0;0;0;0;0;0;0;0;0;0;0;0;0
STMPA.PA;31/12/2017;0;0;0;0;0;0;0;0;0;0;0;0;0
STMPA.PA;31/12/2016;0;0;0;0;0;0;0;0;0;0;0;0;0
STMPA.PA;31/12/2015;0;0;0;0;0;0;0;0;0;0;0;0;0
STMPA.PA;31/12/2014;0;0;0;0;0;0;0;0;0;0;0;0;0
STMPA.PA;31/12/2013;0;0;0;0;0;0;0;0;0;0;0;0;0
STMPA.PA;31/12/2012;0;0;0;0;0;0;0;0;0;0;0;0;0
STMPA.PA;31/12/2011;0;0;0;0;0;0;0;0;0;0;0;0;0
STMPA.PA;31/12/2010;0;0;0;0;0;0;0;0;0;0;0;0;0
STMPA.PA;31/12/2009;0;0;0;0;0;0;0;0;0;0;1;0;0
STMPA.PA;31/12/2008;0;0;0;0;0;0;0;0;0;0;0;0;0
STMPA.PA;31/12/2007;0;0;0;0;0;0;0;0;0;0;0;0;0
STMPA.PA;31/12/2006;0;0;0;0;0;0;0;0;0;0;0;0;0
STMPA.PA;31/12/2005;0;0;0;0;0;0;0;0;0;0;0;0;0
STMPA.PA;31/12/2004;0;0;0;0;0;0;0;0;0;0;0;0;0
STMPA.PA;31/12/2003;0;0;0;0;0;0;0;0;0;0;0;0;0
BICP.PA;31/12/2022;0;0;0;0;0;0;0;0;0;0;0;0;0
BICP.PA;31/12/2021;0;0;0;0;0;0;0;0;0;0;0;0;0
BICP.PA;31/12/2020;0;0;0;0;0;0;0;0;0;0;0;0;0
BICP.PA;31/12/2019;0;0;0;0;0;0;0;0;0;0;0;0;0
BICP.PA;31/12/2018;0;0;0;0;0;0;0;0;0;0;0;0;0
BICP.PA;31/12/2017;0;0;0;0;0;0;0;0;0;0;0;0;0
BICP.PA;31/12/2016;0;0;0;0;0;0;0;0;0;0;0;0;0
BICP.PA;31/12/2015;0;0;0;0;0;0;0;0;0;0;0;0;0
BICP.PA;31/12/2014;0;0;0;0;0;0;0;0;0;0;0;0;0
BICP.PA;31/12/2013;0;0;0;0;0;0;0;0;0;0;0;0;0
BICP.PA;31/12/2012;0;0;0;0;0;0;0;0;0;0;0;0;0
BICP.PA;31/12/2011;0;0;0;0;0;0;0;0;0;0;0;0;0
BICP.PA;31/12/2010;0;0;0;0;0;0;0;0;0;0;0;0;0
BICP.PA;31/12/2009;0;0;0;0;0;0;0;0;0;0;0;0;0
BICP.PA;31/12/2008;0;0;0;0;0;0;0;0;0;0;0;0;0
BICP.PA;31/12/2007;0;0;0;0;0;0;0;0;0;0;1;0;0
BICP.PA;31/12/2006;1;0;0;0;0;0;0;1;0;0;0;0;0
BICP.PA;31/12/2005;0;0;0;0;0;0;0;0;0;0;0;0;0
BICP.PA;31/12/2004;0;0;0;0;0;0;0;0;0;0;0;0;0
BICP.PA;31/12/2003;0;0;0;0;0;0;0;0;0;0;0;0;0
CARM.PA;;0;0;0;0;0;0;0;0;0;0;0;0;0
TEPRF.PA;31/12/2022;0;0;0;0;0;0;0;0;0;0;0;0;0
TEPRF.PA;31/12/2021;0;0;0;0;0;0;0;0;0;0;0;0;0
TEPRF.PA;31/12/2020;0;0;0;0;0;0;0;0;0;0;0;0;0
TEPRF.PA;31/12/2019;0;0;0;0;0;0;0;0;0;0;0;0;0
TEPRF.PA;31/12/2018;0;0;0;0;0;0;0;0;0;0;0;0;0
TEPRF.PA;31/12/2017;0;0;0;0;0;0;0;0;0;0;0;0;0
TEPRF.PA;31/12/2016;0;0;0;0;0;0;0;0;0;0;0;0;0
TEPRF.PA;31/12/2015;0;0;0;0;0;0;0;0;0;0;0;0;0
TEPRF.PA;31/12/2014;0;0;0;0;0;0;0;0;0;0;0;0;0
TEPRF.PA;31/12/2013;0;0;0;0;0;0;0;0;0;0;0;0;0
TEPRF.PA;31/12/2012;0;0;1;0;0;0;0;0;0;0;0;0;0
TEPRF.PA;31/12/2011;0;0;0;0;0;0;0;0;0;0;0;0;0
TEPRF.PA;31/12/2010;0;0;0;0;0;0;0;0;0;0;0;0;0
TEPRF.PA;31/12/2009;0;0;0;0;0;0;0;0;0;0;0;0;0
TEPRF.PA;31/12/2008;0;0;0;0;0;0;0;0;0;0;0;0;0
TEPRF.PA;31/12/2007;0;0;0;0;0;0;0;0;0;0;0;0;0
TEPRF.PA;31/12/2006;0;0;0;0;0;0;0;0;0;0;0;0;0
TEPRF.PA;31/12/2005;0;0;0;0;0;0;0;0;0;0;0;0;0
TEPRF.PA;31/12/2004;0;0;0;0;0;0;0;0;0;0;0;0;0
TEPRF.PA;31/12/2003;0;0;0;0;0;0;0;0;0;0;0;0;0
ABVX.PA;;0;0;0;0;0;0;0;0;0;0;0;0;0
SOIT.PA;;0;0;0;0;0;0;0;0;0;0;0;0;0
ALSO.PA;31/03/2023;0;0;0;0;0;0;0;0;0;0;0;0;0
ALSO.PA;31/03/2022;0;0;0;0;0;0;0;0;0;0;0;0;0
ALSO.PA;31/03/2021;0;0;0;0;0;0;0;0;0;0;0;0;0
ALSO.PA;31/03/2020;0;0;0;0;0;0;0;0;0;0;0;0;0
ALSO.PA;31/03/2019;0;0;0;0;0;0;0;0;0;0;0;0;0
ALSO.PA;31/03/2018;0;0;0;0;0;0;0;0;0;0;0;0;0
ALSO.PA;31/03/2017;0;0;0;0;0;0;0;0;0;0;0;0;0
ALSO.PA;31/03/2016;0;0;0;0;0;0;0;0;0;0;0;0;0
ALSO.PA;31/03/2015;0;0;0;0;0;0;0;0;0;0;0;0;0
ALSO.PA;31/03/2014;0;0;0;0;0;0;0;0;0;0;0;0;0
ALSO.PA;31/03/2013;0;0;0;0;0;0;0;0;0;0;0;0;0
ALSO.PA;31/03/2012;0;0;0;0;0;0;0;1;0;0;0;0;0
ALSO.PA;31/03/2011;0;0;0;0;0;0;0;0;0;0;0;0;0
ALSO.PA;31/03/2010;0;0;0;0;0;0;0;0;0;0;0;0;0
ALSO.PA;31/03/2009;0;0;0;0;0;0;1;0;0;0;0;0;0
ALSO.PA;31/03/2008;0;0;0;0;0;0;0;0;0;0;0;0;1
ALSO.PA;31/03/2007;0;0;0;0;0;0;0;3;0;0;0;0;0
ALSO.PA;31/03/2006;0;0;0;0;0;0;0;3;0;0;0;0;0
ALSO.PA;31/03/2005;0;0;0;0;0;0;0;0;0;0;0;0;0
ALSO.PA;31/03/2004;0;0;0;0;0;0;0;4;0;1;2;0;0
BALYO.PA;;0;0;0;0;0;0;0;0;0;0;0;0;0
LVMH.PA;31/12/2022;0;0;1;0;0;0;0;0;0;0;0;0;0
LVMH.PA;31/12/2021;0;0;1;0;0;0;0;0;0;0;0;0;0
LVMH.PA;31/12/2020;0;0;0;0;0;0;0;0;0;0;0;0;0
LVMH.PA;31/12/2019;0;0;0;0;0;0;0;0;0;0;0;0;0
LVMH.PA;31/12/2018;0;0;0;0;0;0;0;0;0;0;0;0;0
LVMH.PA;31/12/2017;0;0;0;0;0;0;0;0;0;0;0;0;0
LVMH.PA;31/12/2016;0;0;0;0;0;0;0;0;0;0;0;0;0
LVMH.PA;31/12/2015;0;0;0;0;0;0;0;0;0;0;0;0;0
LVMH.PA;31/12/2014;0;0;0;0;1;0;0;0;0;0;0;0;0
LVMH.PA;31/12/2013;0;0;0;0;0;0;0;0;0;0;0;0;0
LVMH.PA;31/12/2012;0;0;0;0;0;0;0;0;0;0;0;0;0
LVMH.PA;31/12/2011;0;0;0;0;0;0;0;0;0;0;0;0;0
LVMH.PA;31/12/2010;0;0;0;0;0;0;0;0;0;0;0;0;0
LVMH.PA;31/12/2009;0;0;0;0;0;0;0;0;0;0;0;0;0
LVMH.PA;31/12/2008;0;0;0;0;0;0;0;0;0;0;0;0;0
LVMH.PA;31/12/2007;0;0;0;0;0;0;0;0;0;0;0;0;0
LVMH.PA;31/12/2006;0;0;0;0;0;0;0;0;0;0;0;0;0
LVMH.PA;31/12/2005;0;0;0;0;0;0;0;0;0;0;0;0;0
LVMH.PA;31/12/2004;0;0;0;0;0;0;0;0;0;1;0;0;0
LVMH.PA;31/12/2003;0;0;0;0;0;0;0;0;0;0;0;0;0
TCFP.PA;31/12/2022;0;0;1;0;0;0;0;0;0;0;1;0;0
TCFP.PA;31/12/2021;0;0;0;0;0;0;0;0;0;0;0;0;0
TCFP.PA;31/12/2020;0;0;0;0;0;0;0;0;0;0;0;0;0
TCFP.PA;31/12/2019;0;0;0;0;0;0;0;0;0;0;0;0;0
TCFP.PA;31/12/2018;0;0;0;0;0;0;0;0;0;0;0;0;0
TCFP.PA;31/12/2017;0;0;0;0;0;0;0;0;0;0;0;0;0
TCFP.PA;31/12/2016;0;0;0;0;0;0;0;0;0;0;0;0;0
TCFP.PA;31/12/2015;0;0;0;0;0;0;0;0;0;0;0;0;0
TCFP.PA;31/12/2014;0;0;0;0;0;0;0;0;0;0;0;0;0
TCFP.PA;31/12/2013;0;0;0;0;0;0;0;0;0;0;0;0;0
TCFP.PA;31/12/2012;0;0;0;0;0;0;0;0;0;0;0;0;0
TCFP.PA;31/12/2011;0;0;0;0;0;0;0;0;0;0;0;0;0
TCFP.PA;31/12/2010;0;0;0;0;0;0;0;0;0;0;0;0;1
TCFP.PA;31/12/2009;0;0;0;0;0;0;0;0;0;0;0;0;0
TCFP.PA;31/12/2008;0;0;0;0;0;0;0;0;0;0;0;0;0
TCFP.PA;31/12/2007;0;0;0;0;0;0;0;0;0;0;0;0;0
TCFP.PA;31/12/2006;0;0;0;0;0;0;0;0;0;0;0;0;0
TCFP.PA;31/12/2005;0;0;0;0;0;0;0;0;0;0;0;0;0
TCFP.PA;31/12/2004;0;0;0;0;0;0;0;0;0;0;0;0;0
TCFP.PA;31/12/2003;0;0;0;0;0;0;0;0;0;0;0;0;0
ADOC.PA;;0;0;0;0;0;0;0;0;0;0;0;0;0
SEFER.PA;;0;0;0;0;0;0;0;0;0;0;0;0;0
ENX.PA;;0;0;0;0;0;0;0;0;0;0;0;0;0
AM.PA;31/12/2022;0;0;0;0;0;0;0;0;0;0;1;0;0
AM.PA;31/12/2021;0;0;0;0;0;0;0;0;0;0;0;0;0
AM.PA;31/12/2020;0;0;0;0;0;0;0;0;0;0;0;0;0
AM.PA;31/12/2019;0;0;0;0;0;0;0;0;0;0;0;0;0
AM.PA;31/12/2018;0;0;0;0;0;0;0;0;0;0;0;0;0
AM.PA;31/12/2017;0;0;0;0;0;0;0;0;0;0;0;0;0
AM.PA;31/12/2016;0;0;0;0;0;0;0;0;0;0;0;0;0
AM.PA;31/12/2015;0;0;0;0;0;0;0;0;0;0;0;0;0
AM.PA;31/12/2014;0;0;0;0;0;0;0;0;0;0;0;0;0
AM.PA;31/12/2013;0;0;0;0;0;0;0;0;0;0;0;0;0
AM.PA;31/12/2012;0;0;0;0;0;0;0;0;0;0;0;0;0
AM.PA;31/12/2011;0;0;0;0;0;0;0;0;0;0;0;0;0
AM.PA;31/12/2010;0;0;0;0;0;0;0;0;0;0;0;0;0
AM.PA;31/12/2009;0;0;0;0;0;0;0;0;0;0;0;0;0
AM.PA;31/12/2008;0;0;0;0;0;0;0;0;0;0;0;0;0
AM.PA;31/12/2007;0;0;0;0;0;0;0;0;0;0;0;0;0
AM.PA;31/12/2006;0;0;0;0;0;0;0;0;0;0;0;0;0
AM.PA;31/12/2005;0;0;0;0;0;0;0;0;0;0;0;0;0
AM.PA;31/12/2004;0;0;0;0;0;0;0;0;0;0;0;0;0
AM.PA;31/12/2003;0;0;0;0;0;0;0;0;0;0;0;0;0
AVOM.PA;;0;0;0;0;0;0;0;0;0;0;0;0;0
PERP.PA;30/06/2022;0;0;0;0;0;0;0;0;0;0;0;0;0
PERP.PA;30/06/2021;0;0;0;0;0;0;0;0;0;0;0;0;0
PERP.PA;30/06/2020;0;0;0;0;0;0;0;0;0;0;0;0;0
PERP.PA;30/06/2019;0;0;0;0;0;0;0;0;0;0;0;0;0
PERP.PA;30/06/2018;0;0;1;0;0;0;0;0;0;0;0;0;0
PERP.PA;30/06/2017;0;0;0;2;0;0;0;0;0;0;0;0;0
PERP.PA;30/06/2016;0;0;0;0;0;0;0;0;0;0;0;0;0
PERP.PA;30/06/2015;0;0;0;0;0;0;0;0;0;0;0;1;0
PERP.PA;30/06/2014;0;0;0;0;0;0;0;0;0;0;0;1;0
PERP.PA;30/06/2013;0;0;0;0;0;0;0;0;0;0;0;0;0
PERP.PA;30/06/2012;0;0;0;0;0;0;0;0;0;0;0;0;0
PERP.PA;30/06/2011;0;0;0;0;0;0;0;0;0;0;0;0;0
PERP.PA;30/06/2010;0;0;0;0;0;0;0;0;0;0;0;0;0
PERP.PA;30/06/2009;0;0;0;0;0;0;0;0;0;0;0;0;0
PERP.PA;30/06/2008;0;0;0;0;0;0;0;0;0;0;0;0;0
PERP.PA;30/06/2007;0;0;0;0;0;0;0;0;0;0;0;0;0
PERP.PA;30/06/2006;0;0;0;0;0;0;0;0;0;0;0;0;0
PERP.PA;30/06/2005;0;0;0;0;0;0;0;0;0;0;0;0;0
PERP.PA;30/06/2004;0;0;0;0;0;0;0;0;0;0;0;0;0
PERP.PA;30/06/2003;0;0;0;0;0;0;0;0;0;0;0;0;0
LAEP.PA;;0;0;0;0;0;0;0;0;0;0;0;0;0
XFAB.PA;31/12/2022;0;0;0;0;0;0;0;0;0;0;0;0;0
XFAB.PA;31/12/2021;0;0;0;0;0;0;0;0;0;0;0;0;0
XFAB.PA;31/12/2020;0;0;1;0;0;0;0;0;0;0;0;0;0
XFAB.PA;31/12/2019;0;0;0;0;0;0;0;0;0;0;0;0;0
XFAB.PA;31/12/2018;0;0;0;0;0;0;0;0;0;0;0;0;0
XFAB.PA;31/12/2017;0;0;0;0;0;0;0;0;0;0;0;0;0
XFAB.PA;31/12/2016;0;0;0;0;0;0;0;0;0;0;0;0;0
XFAB.PA;31/12/2015;0;0;0;0;0;0;0;0;0;0;0;0;0
XFAB.PA;31/12/2014;0;0;0;0;0;0;0;0;0;0;0;0;0
XFAB.PA;31/12/2013;0;0;0;0;0;0;0;0;0;0;0;0;0
XFAB.PA;31/12/2012;0;0;0;0;0;0;0;0;0;0;0;0;0
XFAB.PA;31/12/2011;0;0;0;0;0;0;0;0;0;0;0;0;0
XFAB.PA;31/12/2010;0;0;0;0;0;0;0;0;0;0;0;0;0
XFAB.PA;31/12/2009;0;0;0;0;0;0;0;0;0;0;0;0;0
XFAB.PA;31/12/2008;0;0;0;0;0;0;0;0;0;0;0;0;0
XFAB.PA;31/12/2007;0;0;0;0;0;0;0;0;0;0;0;0;0
XFAB.PA;31/12/2006;0;0;0;0;0;0;0;0;0;0;0;0;0
XFAB.PA;31/12/2005;0;0;0;0;0;0;0;0;0;0;0;0;0
XFAB.PA;31/12/2004;0;0;0;0;0;0;0;0;0;0;0;0;0
XFAB.PA;31/12/2003;0;0;0;0;0;0;0;0;0;0;0;0;0
VLTSA.PA;;0;0;0;0;0;0;0;0;0;0;0;0;0
SPIE.PA;;0;0;0;0;0;0;0;0;0;0;0;0;0
EXHO.PA;31/08/2022;0;0;0;0;0;0;0;0;0;0;0;0;0
EXHO.PA;31/08/2021;0;0;0;0;0;0;0;0;0;0;0;0;0
EXHO.PA;31/08/2020;0;0;0;0;0;0;0;0;0;0;0;0;0
EXHO.PA;31/08/2019;0;0;0;0;0;0;0;0;0;0;0;0;0
EXHO.PA;31/08/2018;0;0;0;0;0;0;0;1;0;0;0;0;0
EXHO.PA;31/08/2017;0;0;0;0;0;0;0;0;0;0;0;0;0
EXHO.PA;31/08/2016;0;0;0;0;0;0;0;0;0;0;0;0;0
EXHO.PA;31/08/2015;0;0;0;0;0;0;0;0;0;0;0;0;0
EXHO.PA;31/08/2014;0;0;0;0;0;0;0;0;0;0;0;0;0
EXHO.PA;31/08/2013;1;0;0;0;0;0;0;0;0;0;0;0;0
EXHO.PA;31/08/2012;0;0;0;0;0;0;0;1;0;0;0;0;0
EXHO.PA;31/08/2011;0;0;0;0;0;0;0;0;0;0;0;0;0
EXHO.PA;31/08/2010;0;0;0;0;0;0;0;0;0;0;0;0;0
EXHO.PA;31/08/2009;0;0;0;0;0;0;0;0;0;0;0;0;0
EXHO.PA;31/08/2008;0;0;0;0;0;0;0;0;0;1;0;0;0
EXHO.PA;31/08/2007;0;0;0;0;0;0;1;0;0;1;0;0;0
EXHO.PA;31/08/2006;0;0;0;0;0;0;0;0;0;0;0;0;0
EXHO.PA;31/08/2005;0;0;0;0;0;0;0;0;0;0;0;0;0
EXHO.PA;31/08/2004;0;0;0;0;0;0;0;0;0;0;0;0;0
EXHO.PA;31/08/2003;0;0;0;0;0;0;0;0;0;0;0;0;0
ICAD.PA;;0;0;0;0;0;0;0;0;0;0;0;0;0
MAUP.PA;;0;0;0;0;0;0;0;0;0;0;0;0;0
CAPP.PA;31/12/2022;0;0;2;0;0;0;0;0;0;0;0;0;0
CAPP.PA;31/12/2021;0;0;0;0;0;0;0;0;0;0;0;0;0
CAPP.PA;31/12/2020;0;0;0;0;0;0;0;0;0;0;0;0;0
CAPP.PA;31/12/2019;0;0;0;0;0;0;0;0;0;0;0;0;0
CAPP.PA;31/12/2018;0;0;0;0;0;0;0;0;0;0;0;0;0
CAPP.PA;31/12/2017;0;0;0;0;0;0;0;0;0;0;0;0;0
CAPP.PA;31/12/2016;0;0;0;0;0;0;0;0;0;0;0;0;0
CAPP.PA;31/12/2015;0;0;0;0;0;0;0;0;0;0;0;0;0
CAPP.PA;31/12/2014;0;0;0;0;0;0;0;0;0;0;0;0;0
CAPP.PA;31/12/2013;0;0;0;0;0;0;0;0;0;0;0;0;0
CAPP.PA;31/12/2012;0;0;0;0;0;0;0;0;0;0;0;0;0
CAPP.PA;31/12/2011;0;0;0;0;0;0;0;0;0;0;0;0;0
CAPP.PA;31/12/2010;0;0;0;0;0;0;0;0;0;0;0;0;0
CAPP.PA;31/12/2009;0;0;0;0;0;0;0;0;0;0;0;0;0
CAPP.PA;31/12/2008;0;0;0;0;0;0;0;0;0;0;0;0;0
CAPP.PA;31/12/2007;0;0;0;0;0;0;0;0;0;0;0;0;0
CAPP.PA;31/12/2006;0;0;0;0;0;0;0;0;0;0;0;0;0
CAPP.PA;31/12/2005;0;0;0;0;0;0;0;0;0;0;0;0;0
CAPP.PA;31/12/2004;0;0;0;0;0;0;0;0;0;0;0;0;0
CAPP.PA;31/12/2003;0;0;0;0;0;0;0;0;0;0;0;0;0
S30.PA;;0;0;0;0;0;0;0;0;0;0;0;0;0
IPAR.PA;;0;0;0;0;0;0;0;0;0;0;0;0;0
UBIP.PA;31/03/2023;0;0;0;0;0;0;0;0;0;0;0;0;0
UBIP.PA;31/03/2022;0;0;0;0;0;0;0;0;0;0;0;0;0
UBIP.PA;31/03/2021;0;0;0;0;0;0;1;0;0;0;0;0;0
UBIP.PA;31/03/2020;0;0;0;0;0;0;0;0;0;0;0;0;0
UBIP.PA;31/03/2019;0;0;0;0;0;0;0;0;0;0;0;0;0
UBIP.PA;31/03/2018;0;0;0;0;0;0;0;0;0;0;0;0;0
UBIP.PA;31/03/2017;0;0;0;0;0;0;0;0;0;0;0;0;0
UBIP.PA;31/03/2016;0;0;0;0;0;0;0;0;0;0;0;0;0
UBIP.PA;31/03/2015;0;0;0;0;0;0;0;0;0;0;0;0;0
UBIP.PA;31/03/2014;0;0;1;0;0;0;0;0;0;0;0;0;0
UBIP.PA;31/03/2013;0;0;0;0;0;0;0;0;0;0;0;0;0
UBIP.PA;31/03/2012;0;0;0;0;0;0;0;0;0;0;0;0;0
UBIP.PA;31/03/2011;0;0;0;0;0;0;0;0;0;0;0;0;0
UBIP.PA;31/03/2010;0;0;0;0;0;0;0;0;0;0;0;0;0
UBIP.PA;31/03/2009;0;0;0;0;0;0;0;0;0;0;0;0;0
UBIP.PA;31/03/2008;0;0;0;0;0;0;0;0;0;0;0;0;0
UBIP.PA;31/03/2007;0;0;0;0;0;0;0;0;0;0;0;0;0
UBIP.PA;31/03/2006;0;0;0;0;0;0;0;0;0;0;0;0;0
UBIP.PA;31/03/2005;0;0;0;0;0;0;0;0;0;0;0;0;0
UBIP.PA;31/03/2004;0;0;0;0;0;0;0;0;0;0;0;0;0
MICP.PA;31/12/2022;0;0;0;0;0;0;0;0;0;0;0;0;0
MICP.PA;31/12/2021;0;0;0;0;0;0;0;0;0;0;0;0;0
MICP.PA;31/12/2020;0;0;0;0;0;1;0;0;0;0;0;0;0
MICP.PA;31/12/2019;0;0;0;0;0;0;0;0;0;0;0;0;0
MICP.PA;31/12/2018;0;0;0;0;0;0;0;0;0;0;0;0;0
MICP.PA;31/12/2017;0;0;0;0;0;0;0;0;0;0;0;0;0
MICP.PA;31/12/2016;0;0;0;0;0;0;0;0;0;0;0;0;0
MICP.PA;31/12/2015;0;0;0;0;0;0;0;0;0;0;0;0;0
MICP.PA;31/12/2014;0;0;0;0;0;0;0;0;0;0;0;0;0
MICP.PA;31/12/2013;0;0;0;0;0;0;0;0;0;0;0;0;0
MICP.PA;31/12/2012;0;0;0;0;0;0;0;0;0;1;0;0;0
MICP.PA;31/12/2011;0;0;0;0;0;0;0;0;0;0;0;0;0
MICP.PA;31/12/2010;0;0;0;1;0;0;0;0;0;0;0;0;0
MICP.PA;31/12/2009;0;0;0;1;0;1;0;0;0;0;0;1;0
MICP.PA;31/12/2008;0;0;0;0;0;0;0;0;0;0;0;0;0
MICP.PA;31/12/2007;0;0;0;0;0;0;0;0;0;0;0;0;0
MICP.PA;31/12/2006;0;0;0;0;0;0;0;0;0;0;0;0;0
MICP.PA;31/12/2005;0;0;0;0;0;0;0;0;0;0;0;0;0
MICP.PA;31/12/2004;0;0;0;0;0;0;0;0;0;0;0;0;0
MICP.PA;31/12/2003;0;0;0;0;0;0;0;0;0;0;0;0;0
TTEF.PA;31/12/2022;0;0;0;0;0;1;0;0;0;0;0;0;1
TTEF.PA;31/12/2021;0;0;1;0;0;1;0;0;0;0;0;0;2
TTEF.PA;31/12/2020;0;0;0;0;0;2;0;0;0;0;0;0;0
TTEF.PA;31/12/2019;0;0;0;0;0;4;0;1;0;0;0;0;0
TTEF.PA;31/12/2018;0;0;0;0;0;1;0;0;0;0;0;0;0
TTEF.PA;31/12/2017;0;0;0;0;0;0;0;0;0;0;0;0;0
TTEF.PA;31/12/2016;0;0;0;0;0;0;0;2;0;0;0;0;0
TTEF.PA;31/12/2015;0;0;0;0;0;0;0;0;0;0;0;0;0
TTEF.PA;31/12/2014;0;0;0;0;0;1;0;0;0;0;1;0;0
TTEF.PA;31/12/2013;0;0;0;0;0;0;0;0;0;0;0;0;0
TTEF.PA;31/12/2012;0;0;0;0;0;0;0;2;0;0;0;0;0
TTEF.PA;31/12/2011;0;0;0;0;0;0;0;1;0;0;0;0;0
TTEF.PA;31/12/2010;0;0;0;0;0;2;0;2;0;1;1;0;1
TTEF.PA;31/12/2009;0;0;0;0;0;0;1;0;0;1;0;1;2
TTEF.PA;31/12/2008;0;0;0;0;0;0;0;0;0;0;1;0;2
TTEF.PA;31/12/2007;0;0;0;0;0;0;0;0;0;1;0;0;2
TTEF.PA;31/12/2006;0;0;0;0;0;0;0;0;0;0;0;1;0
TTEF.PA;31/12/2005;0;0;0;0;0;0;0;0;0;0;0;0;0
TTEF.PA;31/12/2004;0;0;0;0;0;0;0;0;0;0;0;1;0
TTEF.PA;31/12/2003;0;0;0;0;0;0;0;0;0;1;0;0;0
ELIS.PA;;0;0;0;0;0;0;0;0;0;0;0;0;0
VIV.PA;31/12/2022;0;0;0;0;0;0;0;0;0;0;0;0;0
VIV.PA;31/12/2021;0;0;0;0;0;0;0;0;0;0;0;0;0
VIV.PA;31/12/2020;0;0;0;0;0;0;0;0;0;0;0;0;0
VIV.PA;31/12/2019;0;0;0;0;0;0;0;0;0;0;0;0;0
VIV.PA;31/12/2018;0;0;0;0;0;0;0;0;0;0;0;0;0
VIV.PA;31/12/2017;0;0;0;0;0;0;0;0;0;0;0;0;0
VIV.PA;31/12/2016;0;0;0;0;0;0;0;0;0;0;0;0;0
VIV.PA;31/12/2015;0;0;0;0;0;0;0;0;0;0;0;0;0
VIV.PA;31/12/2014;0;0;0;0;0;0;0;0;0;0;0;0;0
VIV.PA;31/12/2013;0;0;0;1;0;0;0;0;0;0;0;0;0
VIV.PA;31/12/2012;0;0;0;0;0;0;0;0;0;0;0;0;0
VIV.PA;31/12/2011;0;0;0;0;0;0;0;0;0;0;0;0;0
VIV.PA;31/12/2010;0;0;0;0;0;0;0;0;0;0;0;0;0
VIV.PA;31/12/2009;0;0;0;0;0;0;0;0;0;0;0;0;0
VIV.PA;31/12/2008;0;0;0;0;0;0;0;0;0;0;0;0;0
VIV.PA;31/12/2007;0;0;0;0;0;0;0;0;0;0;0;0;0
VIV.PA;31/12/2006;0;0;0;0;0;0;0;0;0;0;0;0;0
VIV.PA;31/12/2005;0;0;0;0;0;0;0;0;0;0;0;0;0
VIV.PA;31/12/2004;0;0;0;0;0;0;0;0;0;0;0;0;0
VIV.PA;31/12/2003;0;0;0;0;0;0;0;1;0;0;0;0;0
MERY.PA;;0;0;0;0;0;0;0;0;0;0;0;0;0
IMTP.PA;31/12/2022;0;0;0;0;0;0;0;0;0;0;0;0;0
IMTP.PA;31/12/2021;0;0;0;0;0;0;0;0;0;0;0;0;0
IMTP.PA;31/12/2020;0;0;0;0;0;0;0;0;0;0;0;0;0
IMTP.PA;31/12/2019;0;0;0;0;0;0;0;0;0;0;0;0;0
IMTP.PA;31/12/2018;3;0;0;0;0;0;0;0;0;0;0;0;0
IMTP.PA;31/12/2017;0;0;0;0;0;0;0;0;0;0;0;0;0
IMTP.PA;31/12/2016;0;0;0;0;0;0;0;0;0;0;0;0;0
IMTP.PA;31/12/2015;0;0;0;0;0;0;0;0;0;0;0;0;0
IMTP.PA;31/12/2014;0;0;0;0;0;0;0;0;0;0;0;0;0
IMTP.PA;31/12/2013;0;0;0;0;0;0;0;0;0;0;0;0;0
IMTP.PA;31/12/2012;0;0;0;0;0;0;0;0;0;0;0;0;0
IMTP.PA;31/12/2011;0;0;0;0;0;0;0;1;0;0;0;0;0
IMTP.PA;31/12/2010;0;0;0;0;0;0;0;0;0;0;0;0;0
IMTP.PA;31/12/2009;0;0;0;0;0;0;0;0;0;0;0;0;0
IMTP.PA;31/12/2008;0;0;0;0;0;0;0;0;0;0;0;0;0
IMTP.PA;31/12/2007;0;0;0;0;0;0;0;0;0;0;0;0;0
IMTP.PA;31/12/2006;0;0;0;0;0;0;0;1;0;0;0;0;0
IMTP.PA;31/12/2005;0;0;0;0;0;0;2;2;0;0;0;0;0
IMTP.PA;31/12/2004;0;0;0;0;0;0;0;0;0;0;0;0;0
IMTP.PA;31/12/2003;0;0;0;0;0;0;0;0;0;0;0;0;0
TETR.PA;;0;0;0;0;0;0;0;0;0;0;0;0;0
ETL.PA;30/06/2023;0;0;0;0;0;0;0;0;0;0;0;0;1
ETL.PA;30/06/2022;0;0;0;0;0;0;0;0;0;0;0;0;0
ETL.PA;30/06/2021;0;0;0;0;0;0;0;0;0;0;0;0;0
ETL.PA;30/06/2020;0;0;0;0;0;0;0;0;0;0;0;0;0
ETL.PA;30/06/2019;0;0;0;0;0;0;0;0;0;0;0;0;0
ETL.PA;30/06/2018;0;0;0;0;0;0;0;0;0;0;0;0;0
ETL.PA;30/06/2017;0;0;0;0;0;0;0;0;0;0;0;0;0
ETL.PA;30/06/2016;0;0;0;0;0;0;0;0;0;0;0;0;0
ETL.PA;30/06/2015;0;0;0;0;0;0;0;0;0;0;0;0;0
ETL.PA;30/06/2014;0;0;0;0;0;0;0;0;0;0;0;0;0
ETL.PA;30/06/2013;0;0;0;0;0;0;0;0;0;0;0;0;0
ETL.PA;30/06/2012;0;0;0;0;0;0;0;0;0;0;0;0;0
ETL.PA;30/06/2011;0;0;0;0;0;0;0;0;0;0;0;0;1
ETL.PA;30/06/2010;0;0;0;0;0;0;0;0;0;0;0;0;1
ETL.PA;30/06/2009;0;0;0;0;0;0;0;0;0;0;0;0;0
ETL.PA;30/06/2008;0;0;0;0;0;0;0;0;0;0;0;0;0
ETL.PA;30/06/2007;0;0;0;0;0;0;0;0;0;0;0;0;0
ETL.PA;30/06/2006;0;0;0;0;0;0;0;0;0;0;0;0;0
ETL.PA;30/06/2005;0;0;0;0;0;0;0;0;0;0;0;0;0
ETL.PA;30/06/2004;0;0;0;0;0;0;0;0;0;0;0;0;0
GFII.PA;;0;0;0;0;0;0;0;0;0;0;0;0;0
SMCP.PA;31/12/2022;0;0;0;0;0;0;0;0;0;0;0;0;0
SMCP.PA;31/12/2021;0;0;0;0;0;0;0;0;0;1;0;0;0
SMCP.PA;31/12/2020;0;0;0;0;0;0;0;0;0;0;0;0;0
SMCP.PA;31/12/2019;0;0;0;0;0;0;0;0;0;0;0;0;0
SMCP.PA;31/12/2018;0;0;0;0;0;0;0;0;0;0;0;0;0
SMCP.PA;31/12/2017;0;0;0;0;0;0;0;0;0;0;0;0;0
SMCP.PA;31/12/2016;0;0;0;0;0;0;0;0;0;0;0;0;0
SMCP.PA;31/12/2015;0;0;0;0;0;0;0;0;0;0;0;0;0
SMCP.PA;31/12/2014;0;0;0;0;0;0;0;0;0;0;0;0;0
SMCP.PA;31/12/2013;0;0;0;0;0;0;0;0;0;0;0;0;0
SMCP.PA;31/12/2012;0;0;0;0;0;0;0;0;0;0;0;0;0
SMCP.PA;31/12/2011;0;0;0;0;0;0;0;0;0;0;0;0;0
SMCP.PA;31/12/2010;0;0;0;0;0;0;0;0;0;0;0;0;0
SMCP.PA;31/12/2009;0;0;0;0;0;0;0;0;0;0;0;0;0
SMCP.PA;31/12/2008;0;0;0;0;0;0;0;0;0;0;0;0;0
SMCP.PA;31/12/2007;0;0;0;0;0;0;0;0;0;0;0;0;0
SMCP.PA;31/12/2006;0;0;0;0;0;0;0;0;0;0;0;0;0
SMCP.PA;31/12/2005;0;0;0;0;0;0;0;0;0;0;0;0;0
SMCP.PA;31/12/2004;0;0;0;0;0;0;0;0;0;0;0;0;0
SMCP.PA;31/12/2003;0;0;0;0;0;0;0;0;0;0;0;0;0
VIE.PA;31/12/2022;0;0;0;0;0;0;0;0;0;0;0;0;0
VIE.PA;31/12/2021;0;0;0;0;0;0;0;0;0;0;0;0;0
VIE.PA;31/12/2020;0;0;0;0;0;0;0;0;0;0;0;0;0
VIE.PA;31/12/2019;0;0;0;0;0;0;0;0;0;0;0;0;0
VIE.PA;31/12/2018;0;0;0;0;0;0;0;0;0;0;0;0;0
VIE.PA;31/12/2017;0;0;0;0;0;0;0;0;0;0;0;0;0
VIE.PA;31/12/2016;1;0;0;0;0;1;0;0;0;0;0;0;0
VIE.PA;31/12/2015;0;0;0;0;0;0;0;0;0;0;0;0;0
VIE.PA;31/12/2014;1;0;0;0;0;0;0;1;0;0;1;0;0
VIE.PA;31/12/2013;0;0;0;0;0;0;0;0;0;0;0;0;0
VIE.PA;31/12/2012;0;0;0;0;0;0;0;1;0;0;0;0;0
VIE.PA;31/12/2011;0;0;0;0;0;0;0;0;0;0;0;0;0
VIE.PA;31/12/2010;0;0;0;0;0;1;0;0;0;0;0;0;0
VIE.PA;31/12/2009;0;0;0;0;0;0;0;1;0;0;1;0;0
VIE.PA;31/12/2008;0;0;0;0;0;0;0;0;0;0;0;0;0
VIE.PA;31/12/2007;0;0;0;0;0;0;0;0;0;0;0;0;0
VIE.PA;31/12/2006;0;0;0;0;0;0;0;0;0;0;0;0;0
VIE.PA;31/12/2005;0;0;0;0;0;0;0;0;0;0;0;0;0
VIE.PA;31/12/2004;0;0;0;0;0;0;0;0;0;0;0;0;0
VIE.PA;31/12/2003;0;0;0;0;0;0;0;0;0;0;0;0;0
WLN.PA;;0;0;0;0;0;0;0;0;0;0;0;0;0
KOF.PA;;0;0;0;0;0;0;0;0;0;0;0;0;0
CCHE.PA;;0;0;0;0;0;0;0;0;0;0;0;0;0
ACCP.PA;31/12/2022;0;0;0;0;0;0;0;0;0;0;0;0;0
ACCP.PA;31/12/2021;0;0;0;0;0;0;0;0;0;0;0;0;0
ACCP.PA;31/12/2020;0;0;0;0;0;0;0;0;0;0;0;0;0
ACCP.PA;31/12/2019;0;0;0;0;0;0;0;0;0;0;0;0;0
ACCP.PA;31/12/2018;0;0;0;0;0;0;0;0;0;0;0;0;0
ACCP.PA;31/12/2017;0;0;0;0;0;0;0;0;0;0;0;0;0
ACCP.PA;31/12/2016;0;0;0;0;0;0;0;0;0;0;0;0;0
ACCP.PA;31/12/2015;0;0;0;0;0;0;0;0;0;0;0;0;0
ACCP.PA;31/12/2014;0;0;0;0;0;0;0;0;0;0;0;0;0
ACCP.PA;31/12/2013;0;0;0;0;0;0;0;0;0;0;0;0;0
ACCP.PA;31/12/2012;0;0;0;0;0;0;0;0;0;0;0;0;0
ACCP.PA;31/12/2011;0;0;0;0;0;0;0;0;0;0;0;0;0
ACCP.PA;31/12/2010;0;0;0;0;0;0;0;0;0;0;0;0;0
ACCP.PA;31/12/2009;0;0;0;0;0;0;0;0;0;0;0;0;0
ACCP.PA;31/12/2008;0;0;0;0;0;0;0;0;0;0;0;0;0
ACCP.PA;31/12/2007;0;0;0;0;0;0;1;0;0;0;0;0;0
ACCP.PA;31/12/2006;0;0;0;0;0;0;0;0;0;0;0;0;0
ACCP.PA;31/12/2005;0;0;0;0;0;0;0;0;0;0;0;0;0
ACCP.PA;31/12/2004;0;0;0;0;0;0;0;1;0;0;0;0;0
ACCP.PA;31/12/2003;0;0;0;0;0;0;0;0;0;0;0;0;0
PUBP.PA;31/12/2022;0;0;0;0;0;0;0;0;0;0;0;0;0
PUBP.PA;31/12/2021;0;0;0;1;0;0;0;0;0;0;0;0;0
PUBP.PA;31/12/2020;0;0;0;0;0;0;0;0;0;0;0;0;0
PUBP.PA;31/12/2019;0;0;0;0;0;0;0;0;0;0;0;0;0
PUBP.PA;31/12/2018;0;0;0;0;0;0;0;0;0;0;0;0;0
PUBP.PA;31/12/2017;0;0;0;0;0;0;0;0;0;0;0;0;0
PUBP.PA;31/12/2016;0;0;0;0;0;0;0;0;0;0;0;0;0
PUBP.PA;31/12/2015;0;0;0;0;0;0;1;0;0;0;0;0;0
PUBP.PA;31/12/2014;0;0;0;0;0;0;0;0;0;0;0;0;0
PUBP.PA;31/12/2013;0;0;0;0;0;0;0;0;0;0;0;0;0
PUBP.PA;31/12/2012;0;0;0;0;0;0;0;0;0;0;0;0;0
PUBP.PA;31/12/2011;0;0;0;0;0;0;1;0;0;0;0;0;0
PUBP.PA;31/12/2010;0;0;0;0;0;0;0;0;0;0;0;0;0
PUBP.PA;31/12/2009;0;0;0;0;0;0;0;0;0;0;0;0;0
PUBP.PA;31/12/2008;0;0;0;0;0;0;0;0;0;0;0;0;0
PUBP.PA;31/12/2007;0;0;0;0;0;0;0;0;0;0;0;0;0
PUBP.PA;31/12/2006;0;0;0;0;0;0;0;0;0;0;0;0;0
PUBP.PA;31/12/2005;0;0;0;0;0;0;0;0;0;0;0;0;0
PUBP.PA;31/12/2004;0;0;0;0;0;0;0;0;0;0;0;0;0
PUBP.PA;31/12/2003;0;0;0;0;0;0;0;0;0;0;0;0;0
ERMT.PA;31/12/2022;0;0;0;0;0;0;0;0;0;0;0;0;0
ERMT.PA;31/12/2021;0;0;0;0;0;0;0;0;0;0;0;0;0
ERMT.PA;31/12/2020;0;0;0;0;0;0;0;0;0;0;0;0;0
ERMT.PA;31/12/2019;0;0;0;0;0;0;0;0;0;0;0;0;0
ERMT.PA;31/12/2018;0;0;0;0;0;1;0;2;0;0;0;0;0
ERMT.PA;31/12/2017;0;0;0;0;0;0;0;0;0;0;0;0;0
ERMT.PA;31/12/2016;0;0;0;0;0;0;0;0;0;0;0;0;0
ERMT.PA;31/12/2015;0;0;0;0;0;0;0;0;0;0;0;0;0
ERMT.PA;31/12/2014;0;0;0;0;0;0;0;0;0;0;0;0;0
ERMT.PA;31/12/2013;0;0;0;0;0;0;0;0;0;0;0;0;0
ERMT.PA;31/12/2012;0;0;0;0;0;0;0;0;0;0;0;0;0
ERMT.PA;31/12/2011;0;0;0;0;0;0;0;0;0;0;1;0;0
ERMT.PA;31/12/2010;0;0;0;0;0;0;0;0;0;0;0;0;0
ERMT.PA;31/12/2009;0;0;0;0;0;0;0;0;0;0;0;0;0
ERMT.PA;31/12/2008;0;0;0;0;0;0;0;0;0;0;0;0;0
ERMT.PA;31/12/2007;0;0;0;0;0;0;0;0;0;0;0;0;0
ERMT.PA;31/12/2006;0;0;0;0;0;0;0;0;0;0;0;0;0
ERMT.PA;31/12/2005;0;0;0;0;0;0;0;0;0;0;0;0;0
ERMT.PA;31/12/2004;0;0;0;0;0;0;0;0;0;0;0;0;0
ERMT.PA;31/12/2003;0;0;0;0;0;0;0;0;0;0;0;0;0
NACON.PA;;0;0;0;0;0;0;0;0;0;0;0;0;0
CHBE.PA;31/12/2022;0;0;0;0;0;0;0;0;0;0;0;0;0
CHBE.PA;31/12/2021;0;0;1;0;0;0;0;0;0;0;0;0;0
CHBE.PA;31/12/2020;0;0;0;0;0;0;0;0;0;0;0;0;0
CHBE.PA;31/12/2019;0;0;0;0;0;0;0;0;0;0;0;0;0
CHBE.PA;31/12/2018;0;0;0;0;0;0;0;0;0;0;0;0;0
CHBE.PA;31/12/2017;0;0;0;0;0;0;0;0;0;0;0;0;0
CHBE.PA;31/12/2016;0;0;0;0;0;0;0;0;0;0;0;0;0
CHBE.PA;31/12/2015;0;0;0;0;0;0;0;0;0;0;0;0;0
CHBE.PA;31/12/2014;0;0;0;0;0;0;0;0;0;0;0;0;0
CHBE.PA;31/12/2013;0;0;0;0;0;0;0;0;0;0;0;0;0
CHBE.PA;31/12/2012;0;0;0;0;0;0;0;0;0;0;0;0;0
CHBE.PA;31/12/2011;0;0;0;0;0;0;0;0;0;0;0;0;0
CHBE.PA;31/12/2010;0;0;0;0;0;0;0;0;0;0;0;0;0
CHBE.PA;31/12/2009;0;0;0;0;0;0;0;0;0;0;0;0;0
CHBE.PA;31/12/2008;0;0;0;0;0;0;0;0;0;0;0;0;0
CHBE.PA;31/12/2007;0;0;0;0;0;0;0;0;0;0;0;0;0
CHBE.PA;31/12/2006;0;0;0;0;0;0;0;0;0;0;0;0;0
CHBE.PA;31/12/2005;0;0;0;0;0;0;0;0;0;0;0;0;0
CHBE.PA;31/12/2004;0;0;0;0;0;0;0;0;0;0;0;0;0
CHBE.PA;31/12/2003;0;0;0;0;0;0;0;0;0;0;0;0;0
MHM.PA;;0;0;0;0;0;0;0;0;0;0;0;0;0
VCTP.PA;;0;0;0;0;0;0;0;0;0;0;0;0;0
EXN.PA;;0;0;0;0;0;0;0;0;0;0;0;0;0
AKE.PA;31/12/2022;0;0;0;0;0;1;0;0;0;0;1;0;0
AKE.PA;31/12/2021;0;0;0;0;0;0;0;0;0;0;0;0;0
AKE.PA;31/12/2020;0;0;0;0;0;1;0;0;0;0;2;0;0
AKE.PA;31/12/2019;0;0;0;0;0;0;0;0;0;0;0;0;0
AKE.PA;31/12/2018;0;0;0;0;0;1;0;0;0;0;0;0;0
AKE.PA;31/12/2017;0;0;0;0;0;1;0;0;0;0;0;0;0
AKE.PA;31/12/2016;0;0;0;0;0;0;0;0;0;0;0;0;0
AKE.PA;31/12/2015;0;0;0;0;0;0;0;0;0;0;0;0;0
AKE.PA;31/12/2014;0;0;0;0;0;0;0;0;0;0;0;0;0
AKE.PA;31/12/2013;0;0;0;0;0;0;0;0;0;0;0;0;0
AKE.PA;31/12/2012;0;0;0;0;0;0;0;1;0;0;0;0;0
AKE.PA;31/12/2011;0;0;0;0;0;0;0;0;0;0;0;0;0
AKE.PA;31/12/2010;0;0;0;0;0;0;0;0;0;0;0;0;0
AKE.PA;31/12/2009;0;0;0;0;0;0;0;0;0;0;0;0;0
AKE.PA;31/12/2008;0;0;0;0;0;0;0;1;0;0;0;0;0
AKE.PA;31/12/2007;0;0;0;0;0;0;0;0;0;0;0;0;0
AKE.PA;31/12/2006;0;0;0;0;0;0;0;0;0;0;0;0;0
AKE.PA;31/12/2005;0;0;0;0;0;0;0;0;0;0;0;0;0
AKE.PA;31/12/2004;0;0;0;0;0;0;0;0;0;0;0;0;0
AKE.PA;31/12/2003;0;0;0;0;0;0;0;0;0;0;0;0;0
OREGE.PA;;0;0;0;0;0;0;0;0;0;0;0;0;0
ISOS.PA;;0;0;0;0;0;0;0;0;0;0;0;0;0
SASY.PA;31/12/2022;2;0;0;0;0;0;0;0;0;0;0;0;0
SASY.PA;31/12/2021;1;0;0;0;0;0;0;0;0;0;0;0;0
SASY.PA;31/12/2020;4;0;0;0;0;2;0;0;0;0;0;0;0
SASY.PA;31/12/2019;2;0;0;0;0;3;0;0;0;0;0;0;0
SASY.PA;31/12/2018;0;0;0;0;0;0;0;0;0;0;0;0;0
SASY.PA;31/12/2017;1;0;0;0;0;0;0;0;0;0;0;0;0
SASY.PA;31/12/2016;1;0;0;0;0;0;0;0;0;0;0;0;0
SASY.PA;31/12/2015;0;0;0;0;0;0;0;0;0;0;0;0;0
SASY.PA;31/12/2014;0;0;0;1;0;0;0;0;0;0;0;0;0
SASY.PA;31/12/2013;1;0;0;1;0;0;0;0;0;0;0;0;0
SASY.PA;31/12/2012;0;1;0;0;0;0;0;1;0;0;0;0;0
SASY.PA;31/12/2011;0;0;0;0;0;0;0;0;0;0;0;0;0
SASY.PA;31/12/2010;2;0;0;1;1;0;0;0;0;0;0;0;0
SASY.PA;31/12/2009;1;0;0;1;0;0;0;0;0;0;0;0;0
SASY.PA;31/12/2008;0;0;0;0;0;0;0;0;0;0;0;0;0
SASY.PA;31/12/2007;0;0;0;0;0;0;1;0;0;0;1;0;0
SASY.PA;31/12/2006;0;0;0;0;0;0;0;0;0;0;0;0;0
SASY.PA;31/12/2005;0;0;0;0;0;0;0;0;0;0;0;0;0
SASY.PA;31/12/2004;0;0;0;0;0;0;0;0;0;0;0;0;0
SASY.PA;31/12/2003;0;0;0;0;0;0;0;0;0;0;0;0;0
LOIM.PA;;0;0;0;0;0;0;0;0;0;0;0;0;0
AIRF.PA;31/12/2022;1;0;0;1;1;0;0;0;0;0;0;0;0
AIRF.PA;31/12/2021;2;0;0;0;0;0;0;0;0;0;0;0;0
AIRF.PA;31/12/2020;0;0;0;0;0;1;0;0;0;0;0;0;0
AIRF.PA;31/12/2019;1;0;0;0;0;0;0;0;0;0;0;0;0
AIRF.PA;31/12/2018;0;0;0;0;0;0;0;2;0;0;0;0;0
AIRF.PA;31/12/2017;0;0;0;0;0;0;0;0;0;0;0;0;0
AIRF.PA;31/12/2016;0;0;0;0;0;0;0;0;0;0;0;0;0
AIRF.PA;31/12/2015;0;0;0;0;0;0;0;0;0;0;0;0;0
AIRF.PA;31/12/2014;0;0;0;0;0;0;0;0;0;0;0;0;0
AIRF.PA;31/12/2013;0;0;0;0;1;0;0;0;0;0;0;0;0
AIRF.PA;31/12/2012;1;0;0;0;0;0;0;0;0;0;0;1;0
AIRF.PA;31/03/2011;2;0;0;0;0;0;0;1;0;0;0;0;0
AIRF.PA;31/03/2010;0;0;0;0;0;0;0;1;0;0;0;0;0
AIRF.PA;31/03/2009;2;0;0;0;0;0;1;0;0;0;0;0;0
AIRF.PA;31/03/2008;0;0;0;0;0;0;0;0;0;0;0;0;0
AIRF.PA;31/03/2007;0;0;0;0;0;0;0;0;0;0;0;0;0
AIRF.PA;31/03/2006;1;0;0;0;0;0;0;0;0;0;0;0;0
AIRF.PA;31/03/2005;0;0;0;0;0;0;0;0;0;0;0;0;0
AIRF.PA;31/03/2004;0;0;0;0;0;0;0;0;0;0;0;0;0
AIRF.PA;31/03/2003;0;0;0;0;0;0;0;0;0;0;0;0;0
AIRF.PA;31/12/2011;0;0;0;0;0;0;0;0;0;0;0;0;0
AIRF.PA;31/12/2010;0;0;0;0;0;0;0;0;0;0;0;0;0
AIRF.PA;31/12/2009;0;0;0;0;0;0;0;0;0;0;0;0;0
AIRF.PA;31/12/2008;0;0;0;0;0;0;0;0;0;0;0;0;0
AIRF.PA;31/12/2007;0;0;0;0;0;0;0;0;0;0;0;0;0
AIRF.PA;31/12/2006;0;0;0;0;0;0;0;0;0;0;0;0;0
AIRF.PA;31/12/2005;0;0;0;0;0;0;0;0;0;0;0;0;0
AIRF.PA;31/12/2004;0;0;0;0;0;0;0;0;0;0;0;0;0
AIRF.PA;31/12/2003;0;0;0;0;0;0;0;0;0;0;0;0;0
AIRF.PA;31/03/2022;0;0;0;0;0;0;0;0;0;0;0;0;0
AIRF.PA;31/03/2021;0;0;0;0;0;0;0;0;0;0;0;0;0
AIRF.PA;31/03/2020;0;0;0;0;0;0;0;0;0;0;0;0;0
AIRF.PA;31/03/2019;0;0;0;0;0;0;0;0;0;0;0;0;0
AIRF.PA;31/03/2018;0;0;0;0;0;0;0;0;0;0;0;0;0
AIRF.PA;31/03/2017;0;0;0;0;0;0;0;0;0;0;0;0;0
AIRF.PA;31/03/2016;0;0;0;0;0;0;0;0;0;0;0;0;0
AIRF.PA;31/03/2015;0;0;0;0;0;0;0;0;0;0;0;0;0
AIRF.PA;31/03/2014;0;0;0;0;0;0;0;0;0;0;0;0;0
AIRF.PA;31/03/2013;0;0;0;0;0;0;0;0;0;0;0;0;0
AIRF.PA;31/03/2012;0;0;0;0;0;0;0;0;0;0;0;0;0
ARGAN.PA;;0;0;0;0;0;0;0;0;0;0;0;0;0
CARR.PA;31/12/2022;1;0;0;0;0;0;0;1;0;0;0;0;0
CARR.PA;31/12/2021;0;0;0;0;0;0;0;0;0;0;0;0;0
CARR.PA;31/12/2020;1;0;0;0;0;0;0;0;0;0;0;0;0
CARR.PA;31/12/2019;0;0;0;0;0;0;0;0;0;0;0;1;0
CARR.PA;31/12/2018;0;0;0;0;0;0;0;0;0;0;0;0;0
CARR.PA;31/12/2017;0;0;0;0;0;0;0;0;0;0;0;0;0
CARR.PA;31/12/2016;0;0;0;0;0;0;0;0;0;0;0;0;0
CARR.PA;31/12/2015;0;0;0;0;0;0;0;0;0;0;0;0;0
CARR.PA;31/12/2014;0;0;0;0;0;0;0;0;0;0;0;0;0
CARR.PA;31/12/2013;0;0;0;1;0;0;0;0;0;0;0;0;0
CARR.PA;31/12/2012;1;0;0;1;0;0;0;0;0;0;0;0;0
CARR.PA;31/12/2011;0;0;0;1;0;0;0;0;0;0;0;0;0
CARR.PA;31/12/2010;0;0;0;0;0;0;0;0;0;0;0;0;0
CARR.PA;31/12/2009;0;0;0;0;0;0;0;0;0;0;0;0;0
CARR.PA;31/12/2008;1;0;0;0;0;0;0;0;0;0;1;0;0
CARR.PA;31/12/2007;2;0;0;0;0;0;0;0;0;0;1;0;0
CARR.PA;31/12/2006;0;0;0;0;0;0;0;0;0;0;0;0;0
CARR.PA;31/12/2005;0;0;0;0;0;0;0;0;0;0;0;0;0
CARR.PA;31/12/2004;0;0;0;0;0;0;0;0;0;0;0;0;0
CARR.PA;31/12/2003;0;0;0;0;0;0;0;0;0;0;0;0;0
NANOB.PA;;0;0;0;0;0;0;0;0;0;0;0;0;0
GETP.PA;;0;0;0;0;0;0;0;0;0;0;0;0;0
IPH.PA;;0;0;0;0;0;0;0;0;0;0;0;0;0
SEBF.PA;31/12/2022;0;0;0;0;0;0;0;0;0;0;0;0;0
SEBF.PA;31/12/2021;0;0;0;0;0;0;0;0;0;0;0;0;0
SEBF.PA;31/12/2020;0;0;0;0;0;0;0;0;0;0;0;1;0
SEBF.PA;31/12/2019;0;0;0;0;0;0;0;0;0;0;0;1;0
SEBF.PA;31/12/2018;0;0;0;0;0;0;0;0;0;0;0;0;0
SEBF.PA;31/12/2017;0;0;0;0;0;0;0;0;0;0;0;0;0
SEBF.PA;31/12/2016;0;0;0;0;0;0;0;0;0;0;0;0;0
SEBF.PA;31/12/2015;0;0;0;0;0;0;0;0;0;0;0;0;0
SEBF.PA;31/12/2014;0;0;0;0;0;0;0;0;0;0;0;0;0
SEBF.PA;31/12/2013;0;0;0;0;0;0;0;0;0;0;0;0;0
SEBF.PA;31/12/2012;0;0;0;0;0;0;0;0;0;0;0;0;0
SEBF.PA;31/12/2011;0;0;0;0;0;0;0;0;0;0;0;0;0
SEBF.PA;31/12/2010;0;0;0;0;0;0;0;0;0;0;0;0;0
SEBF.PA;31/12/2009;0;0;0;0;0;0;0;0;0;0;0;0;0
SEBF.PA;31/12/2008;0;0;0;0;0;0;0;0;0;0;0;0;0
SEBF.PA;31/12/2007;0;0;0;0;0;0;0;0;0;0;0;0;0
SEBF.PA;31/12/2006;0;0;0;0;0;0;0;0;0;0;0;0;0
SEBF.PA;31/12/2005;0;0;0;0;0;0;0;0;0;0;0;0;0
SEBF.PA;31/12/2004;0;0;0;0;0;0;0;0;0;0;0;0;0
SEBF.PA;31/12/2003;0;0;0;0;0;0;0;0;0;0;0;0;0
VLS.PA;;0;0;0;0;0;0;0;0;0;0;0;0;0
SAF.PA;31/12/2022;0;0;0;0;0;0;0;0;0;0;0;0;0
SAF.PA;31/12/2021;0;0;0;0;0;0;0;0;0;0;0;0;0
SAF.PA;31/12/2020;0;0;0;0;0;0;0;0;0;0;0;0;0
SAF.PA;31/12/2019;0;0;0;0;0;0;0;0;0;0;0;0;0
SAF.PA;31/12/2018;0;0;0;0;0;0;0;0;0;0;0;0;0
SAF.PA;31/12/2017;0;0;0;0;0;0;0;0;0;0;0;0;0
SAF.PA;31/12/2016;0;0;0;0;0;0;0;0;0;0;0;0;0
SAF.PA;31/12/2015;0;0;0;0;0;0;0;0;0;0;0;0;0
SAF.PA;31/12/2014;0;0;0;0;0;0;0;0;0;0;0;0;0
SAF.PA;31/12/2013;0;0;0;0;0;0;0;0;0;0;0;0;0
SAF.PA;31/12/2012;0;0;0;0;0;0;0;0;0;0;0;0;0
SAF.PA;31/12/2011;0;0;0;0;0;0;0;0;0;0;0;0;0
SAF.PA;31/12/2010;0;0;0;0;0;0;0;0;0;0;0;0;0
SAF.PA;31/12/2009;0;0;0;0;0;0;0;0;0;0;0;0;0
SAF.PA;31/12/2008;0;0;0;0;0;0;0;0;0;0;0;0;0
SAF.PA;31/12/2007;0;0;0;0;0;0;0;0;0;0;0;0;0
SAF.PA;31/12/2006;1;0;0;0;0;0;0;2;0;0;0;0;0
SAF.PA;31/12/2005;0;0;0;0;0;0;0;0;0;0;0;0;0
SAF.PA;31/12/2004;0;0;0;0;0;0;0;0;0;0;0;0;0
SAF.PA;31/12/2003;0;0;0;0;0;0;0;0;0;0;0;0;0
PLVP.PA;;0;0;0;0;0;0;0;0;0;0;0;0;0
STLAM.PA;31/12/2022;1;0;0;1;0;3;0;1;0;1;0;0;0
STLAM.PA;31/12/2021;1;0;0;0;0;2;0;0;0;0;0;0;0
STLAM.PA;31/12/2020;1;0;0;1;0;4;0;1;0;0;0;0;0
STLAM.PA;31/12/2019;0;0;0;0;0;11;1;1;0;0;1;3;0
STLAM.PA;31/12/2018;0;0;1;1;0;1;0;0;0;0;0;0;0
STLAM.PA;31/12/2017;1;0;0;0;0;1;0;0;0;0;0;0;0
STLAM.PA;31/12/2016;10;0;1;0;0;4;0;0;0;0;0;1;0
STLAM.PA;31/12/2015;8;0;0;0;0;0;0;0;0;0;0;0;0
STLAM.PA;31/12/2014;3;0;0;1;0;0;0;0;0;0;0;0;0
STLAM.PA;31/12/2013;1;0;0;0;0;0;0;0;0;0;0;0;0
STLAM.PA;31/12/2012;0;0;0;0;0;0;1;1;0;0;0;1;0
STLAM.PA;31/12/2011;0;0;0;0;0;0;0;1;0;0;0;0;0
STLAM.PA;31/12/2010;0;0;0;0;0;0;0;0;0;0;0;0;0
STLAM.PA;31/12/2009;0;0;0;0;0;0;0;0;0;0;0;0;0
STLAM.PA;31/12/2008;0;0;0;0;0;0;0;0;0;0;0;0;0
STLAM.PA;31/12/2007;0;0;0;0;0;0;0;0;0;0;0;0;0
STLAM.PA;31/12/2006;0;0;0;0;0;0;0;0;0;0;0;0;0
STLAM.PA;31/12/2005;0;0;0;0;0;0;0;0;0;0;0;0;0
STLAM.PA;31/12/2004;0;0;0;0;0;0;0;0;0;0;0;0;0
STLAM.PA;31/12/2003;0;0;0;0;0;0;0;0;0;0;0;0;0
SIGHT.PA;;0;0;0;0;0;0;0;0;0;0;0;0;0
BOND.PA;;0;0;0;0;0;0;0;0;0;0;0;0;0
PWG.PA;;0;0;0;0;0;0;0;0;0;0;0;0;0
PYHE.PA;;0;0;0;0;0;0;0;0;0;0;0;0;0
TE.PA;;0;0;0;0;0;0;0;0;0;0;0;0;0
RENA.PA;31/12/2022;0;0;0;0;0;0;0;0;0;0;0;0;1
RENA.PA;31/12/2021;0;0;0;0;0;1;0;1;0;0;0;0;0
RENA.PA;31/12/2020;0;0;0;0;0;0;0;1;0;0;0;0;0
RENA.PA;31/12/2019;0;0;0;0;0;0;0;0;0;0;0;0;0
RENA.PA;31/12/2018;0;0;0;1;0;0;0;0;0;0;0;0;0
RENA.PA;31/12/2017;0;0;0;0;0;4;0;0;0;0;0;0;0
RENA.PA;31/12/2016;3;0;0;0;0;6;0;0;0;0;0;0;0
RENA.PA;31/12/2015;0;0;0;0;0;1;0;0;0;0;0;0;0
RENA.PA;31/12/2014;0;0;0;0;0;0;0;0;0;0;0;0;0
RENA.PA;31/12/2013;0;0;0;0;0;0;0;0;0;0;0;0;0
RENA.PA;31/12/2012;0;0;0;0;0;0;0;0;0;0;0;0;0
RENA.PA;31/12/2011;0;0;0;0;0;0;0;0;0;0;0;0;0
RENA.PA;31/12/2010;0;0;0;1;0;0;0;0;0;0;0;0;0
RENA.PA;31/12/2009;0;0;0;0;0;0;0;0;0;0;0;0;0
RENA.PA;31/12/2008;0;0;0;0;0;0;1;0;0;0;0;0;0
RENA.PA;31/12/2007;0;0;0;0;0;0;0;1;0;0;0;0;0
RENA.PA;31/12/2006;0;0;0;0;0;0;0;0;0;0;0;0;0
RENA.PA;31/12/2005;0;0;0;0;0;0;0;0;0;0;0;0;0
RENA.PA;31/12/2004;0;0;0;0;0;0;0;0;0;0;0;0;0
RENA.PA;31/12/2003;0;0;0;0;0;0;0;0;0;0;0;0;0
DTNC.PA;;0;0;0;0;0;0;0;0;0;0;0;0;0
TRIA.PA;31/08/2022;0;0;0;0;0;0;0;0;0;0;0;0;0
TRIA.PA;31/08/2021;0;0;1;0;0;0;0;0;0;0;0;0;0
TRIA.PA;31/08/2020;0;0;0;0;0;0;0;0;0;0;0;0;0
TRIA.PA;31/08/2019;0;0;0;0;0;0;0;0;0;0;0;0;0
TRIA.PA;31/08/2018;0;0;0;0;0;0;0;0;0;0;0;0;0
TRIA.PA;31/08/2017;0;0;0;0;0;0;0;0;0;0;0;0;0
TRIA.PA;31/08/2016;0;0;0;0;0;0;0;0;0;0;0;0;0
TRIA.PA;31/08/2015;0;0;0;0;0;0;0;0;0;0;0;0;0
TRIA.PA;31/08/2014;0;0;0;0;0;0;0;0;0;0;0;0;0
TRIA.PA;31/08/2013;0;0;0;0;0;0;0;0;0;0;0;0;0
TRIA.PA;31/08/2012;0;0;0;0;0;0;0;0;0;0;0;0;0
TRIA.PA;31/08/2011;0;0;0;0;0;0;0;0;0;0;0;0;0
TRIA.PA;31/08/2010;0;0;0;0;0;0;0;0;0;0;0;0;0
TRIA.PA;31/08/2009;0;0;0;0;0;0;0;0;0;0;0;0;0
TRIA.PA;31/08/2008;0;0;0;0;0;0;0;0;0;0;0;0;0
TRIA.PA;31/08/2007;0;0;0;0;0;0;0;0;0;0;0;0;0
TRIA.PA;31/08/2006;0;0;0;0;0;0;0;0;0;0;0;0;0
TRIA.PA;31/08/2005;0;0;0;0;0;0;0;0;0;0;0;0;0
TRIA.PA;31/08/2004;0;0;0;0;0;0;0;0;0;0;0;0;0
TRIA.PA;31/08/2003;0;0;0;0;0;0;0;0;0;0;0;0;0
MDM.PA;;0;0;0;0;0;0;0;0;0;0;0;0;0
ARAMI.PA;;0;0;0;0;0;0;0;0;0;0;0;0;0
CAGR.PA;31/12/2021;0;0;0;0;0;0;0;0;0;0;0;0;0
CAGR.PA;31/12/2020;0;0;0;0;0;0;0;0;0;0;0;0;0
CAGR.PA;31/12/2019;0;0;0;0;0;0;0;0;0;0;0;2;0
CAGR.PA;31/12/2018;0;0;0;0;0;0;0;0;0;0;0;0;0
CAGR.PA;31/12/2017;0;0;0;0;0;0;0;0;0;0;0;0;0
CAGR.PA;31/12/2016;0;0;0;0;0;0;0;0;0;0;0;0;0
CAGR.PA;31/12/2015;0;0;0;0;0;0;0;0;0;0;0;0;1
CAGR.PA;31/12/2014;0;0;0;0;0;0;0;0;0;0;0;0;0
CAGR.PA;31/12/2013;0;0;0;0;0;0;0;0;0;0;0;0;0
CAGR.PA;31/12/2012;0;0;0;1;0;0;0;0;0;0;0;0;0
CAGR.PA;31/12/2011;0;0;1;1;0;0;0;0;0;0;0;0;0
CAGR.PA;31/12/2010;0;0;0;1;0;0;0;0;0;0;0;0;0
CAGR.PA;31/12/2009;0;0;0;0;0;0;0;0;0;0;0;0;0
CAGR.PA;31/12/2008;0;0;0;0;0;0;0;0;0;0;0;0;0
CAGR.PA;31/12/2007;0;0;0;0;0;0;0;0;0;0;0;0;0
CAGR.PA;31/12/2006;0;0;0;0;0;0;0;0;0;0;0;0;0
CAGR.PA;31/12/2005;0;0;0;0;0;0;0;0;0;0;0;0;0
CAGR.PA;31/12/2004;0;0;0;0;0;0;0;0;0;0;0;0;0
CAGR.PA;31/12/2003;0;0;0;0;0;0;0;0;0;0;0;0;0
CAGR.PA;31/12/2002;0;0;0;0;0;0;0;0;0;0;0;0;0
RCOP.PA;;0;0;0;0;0;0;0;0;0;0;0;0;0
GRBT.PA;;0;0;0;0;0;0;0;0;0;0;0;0;0
METEX.PA;;0;0;0;0;0;0;0;0;0;0;0;0;0
BIOX.PA;;0;0;0;0;0;0;0;0;0;0;0;0;0
SGEF.PA;31/12/2022;0;0;0;0;0;0;0;0;0;2;0;0;0
SGEF.PA;31/12/2021;0;0;0;0;0;0;0;0;0;0;0;0;0
SGEF.PA;31/12/2020;0;0;0;0;0;0;0;0;0;0;0;0;0
SGEF.PA;31/12/2019;0;0;0;0;0;0;0;0;0;0;0;0;0
SGEF.PA;31/12/2018;0;0;0;0;0;0;0;0;0;1;0;0;0
SGEF.PA;31/12/2017;0;0;0;0;0;0;0;0;0;0;0;0;0
SGEF.PA;31/12/2016;0;0;0;0;0;0;0;0;0;0;0;0;0
SGEF.PA;31/12/2015;0;0;0;0;0;0;0;0;0;0;0;0;0
SGEF.PA;31/12/2014;0;0;0;0;0;0;0;0;0;0;0;0;0
SGEF.PA;31/12/2013;0;0;0;0;0;0;0;0;0;0;0;0;0
SGEF.PA;31/12/2012;0;0;0;0;0;0;0;0;0;0;0;0;0
SGEF.PA;31/12/2011;0;0;0;0;0;0;0;0;0;0;0;0;0
SGEF.PA;31/12/2010;0;0;0;0;0;0;0;0;0;0;0;0;0
SGEF.PA;31/12/2009;0;0;0;0;0;0;0;1;0;0;0;0;0
SGEF.PA;31/12/2008;0;0;0;0;0;0;0;0;0;0;0;0;0
SGEF.PA;31/12/2007;0;0;0;0;0;0;0;0;0;0;0;0;0
SGEF.PA;31/12/2006;0;0;0;0;0;0;0;0;0;0;0;0;0
SGEF.PA;31/12/2005;0;0;0;0;0;0;0;0;0;0;0;0;0
SGEF.PA;31/12/2004;0;0;0;0;0;0;0;0;0;0;0;0;0
SGEF.PA;31/12/2003;0;0;0;0;0;0;0;0;0;0;0;0;0
AIRP.PA;31/12/2022;0;0;0;0;0;0;0;0;0;0;0;0;0
AIRP.PA;31/12/2021;0;0;0;0;0;0;0;0;0;0;0;0;0
AIRP.PA;31/12/2020;0;0;0;0;0;0;0;0;0;0;0;0;0
AIRP.PA;31/12/2019;0;0;0;0;0;0;0;0;0;0;0;0;0
AIRP.PA;31/12/2018;0;0;0;0;0;0;0;0;0;0;0;0;0
AIRP.PA;31/12/2017;0;0;0;0;0;0;0;0;0;0;0;0;0
AIRP.PA;31/12/2016;0;0;0;0;0;0;0;0;0;0;0;0;0
AIRP.PA;31/12/2015;0;0;0;0;0;0;0;0;0;0;0;0;0
AIRP.PA;31/12/2014;0;0;0;0;0;0;0;0;0;0;0;0;0
AIRP.PA;31/12/2013;0;0;0;0;0;0;0;0;0;0;0;0;0
AIRP.PA;31/12/2012;0;0;0;0;0;0;0;0;0;0;0;0;0
AIRP.PA;31/12/2011;0;0;0;0;0;0;0;0;0;0;0;0;0
AIRP.PA;31/12/2010;0;0;0;0;0;0;0;0;0;0;0;0;0
AIRP.PA;31/12/2009;0;0;0;0;0;0;0;0;0;0;0;0;0
AIRP.PA;31/12/2008;0;0;0;0;0;0;0;1;0;0;0;0;0
AIRP.PA;31/12/2007;0;0;0;0;0;0;0;0;0;0;0;0;0
AIRP.PA;31/12/2006;0;0;0;0;0;0;0;1;0;0;0;0;0
AIRP.PA;31/12/2005;0;0;0;0;0;0;0;0;0;0;0;0;0
AIRP.PA;31/12/2004;0;0;0;0;0;0;0;0;0;0;0;0;0
AIRP.PA;31/12/2003;0;0;0;0;0;0;0;0;0;0;0;0;0
OSE.PA;;0;0;0;0;0;0;0;0;0;0;0;0;0
ENGIE.PA;31/12/2022;0;0;0;0;0;0;0;0;0;0;0;0;1
ENGIE.PA;31/12/2021;0;0;0;0;0;0;0;0;0;0;0;0;0
ENGIE.PA;31/12/2020;0;0;0;0;0;0;0;0;0;0;0;0;0
ENGIE.PA;31/12/2019;0;0;0;0;0;0;0;0;0;0;0;0;0
ENGIE.PA;31/12/2018;0;0;0;0;0;1;0;0;0;0;0;2;0
ENGIE.PA;31/12/2017;0;0;0;0;0;0;0;0;0;0;0;1;0
ENGIE.PA;31/12/2016;0;0;0;0;0;1;0;1;0;0;0;0;0
ENGIE.PA;31/12/2015;0;0;0;0;0;1;0;0;0;0;1;0;0
ENGIE.PA;31/12/2014;0;0;0;0;0;0;0;0;0;0;1;0;0
ENGIE.PA;31/12/2013;0;0;0;0;0;0;0;0;0;0;0;0;0
ENGIE.PA;31/12/2012;0;0;0;0;0;1;0;0;0;0;0;0;0
ENGIE.PA;31/12/2011;0;0;0;0;0;0;0;0;0;0;0;0;0
ENGIE.PA;31/12/2010;0;0;0;0;0;0;0;0;0;0;1;0;0
ENGIE.PA;31/12/2009;0;0;0;0;0;0;0;0;0;0;1;0;0
ENGIE.PA;31/12/2008;0;0;0;0;0;0;0;0;0;0;0;0;0
ENGIE.PA;31/12/2007;0;0;0;0;0;0;0;0;0;0;0;0;0
ENGIE.PA;31/12/2006;0;0;0;0;0;0;0;0;0;0;0;0;0
ENGIE.PA;31/12/2005;0;0;0;0;0;0;0;0;0;0;0;0;0
ENGIE.PA;31/12/2004;0;0;0;0;0;0;0;0;0;0;0;0;0
ENGIE.PA;31/12/2003;0;0;0;0;0;0;0;0;0;0;0;0;0
AKW.PA;;0;0;0;0;0;0;0;0;0;0;0;0;0
PRTP.PA;31/12/2022;0;0;0;0;0;0;0;0;0;0;0;1;0
PRTP.PA;31/12/2021;0;0;0;0;0;0;0;0;0;0;0;0;0
PRTP.PA;31/12/2020;0;0;0;0;0;0;0;0;0;0;0;1;0
PRTP.PA;31/12/2019;0;0;0;0;0;0;0;0;0;0;0;4;0
PRTP.PA;31/12/2018;0;0;0;0;0;0;0;0;0;0;0;5;0
PRTP.PA;31/12/2017;0;0;0;0;0;0;0;0;0;0;0;0;0
PRTP.PA;31/12/2016;0;0;0;0;0;0;0;0;0;0;0;0;0
PRTP.PA;31/12/2015;0;0;0;0;0;0;0;0;0;0;0;0;0
PRTP.PA;31/12/2014;0;0;0;0;0;0;0;0;0;0;0;0;0
PRTP.PA;31/12/2013;0;0;0;0;0;0;0;0;0;0;0;0;0
PRTP.PA;31/12/2012;0;0;0;0;0;0;0;0;0;0;0;0;0
PRTP.PA;31/12/2011;0;0;0;0;0;0;0;0;0;0;0;0;0
PRTP.PA;31/12/2010;0;0;0;0;0;0;0;0;0;0;0;0;0
PRTP.PA;31/12/2009;0;0;0;0;0;0;0;0;0;0;0;0;0
PRTP.PA;31/12/2008;0;0;0;0;0;0;0;0;0;0;0;0;0
PRTP.PA;31/12/2007;0;0;0;0;0;0;0;0;0;0;0;0;0
PRTP.PA;31/12/2006;0;0;0;0;0;0;0;0;0;0;0;0;0
PRTP.PA;31/12/2005;0;0;0;0;0;0;0;0;0;0;0;0;0
PRTP.PA;31/12/2004;0;0;0;0;0;0;0;0;0;0;0;0;0
PRTP.PA;31/12/2003;0;0;0;0;0;0;0;0;0;0;0;0;0
MEMS.PA;;0;0;0;0;0;0;0;0;0;0;0;0;0
PRC.PA;;0;0;0;0;0;0;0;0;0;0;0;0;0
CGDM.PA;;0;0;0;0;0;0;0;0;0;0;0;0;0
FOUG.PA;;0;0;0;0;0;0;0;0;0;0;0;0;0
LNA.PA;;0;0;0;0;0;0;0;0;0;0;0;0;0
DKUPL.PA;;0;0;0;0;0;0;0;0;0;0;0;0;0
AVQ.PA;;0;0;0;0;0;0;0;0;0;0;0;0;0
SESFd.PA;;0;0;0;0;0;0;0;0;0;0;0;0;0
LTEN.PA;;0;0;0;0;0;0;0;0;0;0;0;0;0
DBG.PA;;0;0;0;0;0;0;0;0;0;0;0;0;0
GTT.PA;31/12/2022;0;0;0;0;0;0;0;0;0;0;0;0;1
GTT.PA;31/12/2021;0;0;0;0;0;0;0;0;0;0;0;0;0
GTT.PA;31/12/2020;0;0;0;0;0;0;0;0;0;0;0;0;0
GTT.PA;31/12/2019;0;0;0;0;0;0;0;0;0;0;0;0;0
GTT.PA;31/12/2018;0;0;0;0;0;0;0;0;0;0;0;0;0
GTT.PA;31/12/2017;0;0;0;0;0;0;0;0;0;0;0;0;0
GTT.PA;31/12/2016;0;0;0;0;0;0;0;0;0;0;0;0;0
GTT.PA;31/12/2015;0;0;0;0;0;0;0;0;0;0;0;0;0
GTT.PA;31/12/2014;0;0;0;0;0;0;0;0;0;0;0;0;0
GTT.PA;31/12/2013;0;0;0;0;0;0;0;0;0;0;0;0;0
GTT.PA;31/12/2012;0;0;0;0;0;0;0;0;0;0;0;0;0
GTT.PA;31/12/2011;0;0;0;0;0;0;0;0;0;0;0;0;0
GTT.PA;31/12/2010;0;0;0;0;0;0;0;0;0;0;0;0;0
GTT.PA;31/12/2009;0;0;0;0;0;0;0;0;0;0;0;0;0
GTT.PA;31/12/2008;0;0;0;0;0;0;0;0;0;0;0;0;0
GTT.PA;31/12/2007;0;0;0;0;0;0;0;0;0;0;0;0;0
GTT.PA;31/12/2006;0;0;0;0;0;0;0;0;0;0;0;0;0
GTT.PA;31/12/2005;0;0;0;0;0;0;0;0;0;0;0;0;0
GTT.PA;31/12/2004;0;0;0;0;0;0;0;0;0;0;0;0;0
GTT.PA;31/12/2003;0;0;0;0;0;0;0;0;0;0;0;0;0
ORAN.PA;31/12/2022;0;0;0;0;0;0;0;0;0;0;0;0;0
ORAN.PA;31/12/2021;0;0;0;0;0;0;0;0;0;0;0;0;0
ORAN.PA;31/12/2020;0;0;0;0;0;0;0;0;0;0;0;0;0
ORAN.PA;31/12/2019;0;0;0;0;0;0;1;0;0;0;0;0;0
ORAN.PA;31/12/2018;0;0;0;0;0;0;1;1;0;0;0;0;0
ORAN.PA;31/12/2017;0;0;0;0;0;0;0;0;0;0;0;0;0
ORAN.PA;31/12/2016;0;0;0;0;0;0;0;0;0;0;0;0;0
ORAN.PA;31/12/2015;0;0;0;0;0;0;0;0;0;0;0;0;0
ORAN.PA;31/12/2014;0;0;1;0;0;0;0;0;0;0;0;0;0
ORAN.PA;31/12/2013;0;0;0;1;0;0;0;0;0;0;0;0;0
ORAN.PA;31/12/2012;0;0;0;0;0;0;0;0;0;0;0;0;0
ORAN.PA;31/12/2011;0;0;0;0;0;0;0;0;0;0;0;0;0
ORAN.PA;31/12/2010;0;0;0;1;0;0;0;0;0;0;0;0;0
ORAN.PA;31/12/2009;0;0;0;0;0;0;0;1;0;0;0;0;0
ORAN.PA;31/12/2008;0;0;0;0;0;0;0;0;0;0;0;0;0
ORAN.PA;31/12/2007;0;0;0;0;0;0;0;0;0;0;0;0;0
ORAN.PA;31/12/2006;0;0;0;0;0;0;0;0;0;0;0;0;0
ORAN.PA;31/12/2005;0;0;0;0;0;0;0;0;0;0;0;0;0
ORAN.PA;31/12/2004;0;0;0;0;0;0;0;0;0;0;0;1;0
ORAN.PA;31/12/2003;0;0;0;0;0;0;0;0;0;0;0;0;0
VLLP.PA;31/12/2022;0;0;0;0;0;0;0;0;0;0;0;0;0
VLLP.PA;31/12/2021;0;0;0;0;0;0;0;0;0;0;0;0;0
VLLP.PA;31/12/2020;0;0;0;0;0;0;0;0;0;0;0;0;0
VLLP.PA;31/12/2019;0;0;0;0;0;0;0;0;0;0;0;0;0
VLLP.PA;31/12/2018;0;0;0;0;0;0;0;0;0;0;0;0;0
VLLP.PA;31/12/2017;0;0;0;0;0;0;0;0;0;0;0;0;0
VLLP.PA;31/12/2016;0;0;0;0;0;0;0;0;0;0;0;0;0
VLLP.PA;31/12/2015;0;0;0;0;0;0;0;0;0;0;0;0;0
VLLP.PA;31/12/2014;0;0;0;0;0;0;0;1;0;0;0;0;0
VLLP.PA;31/12/2013;0;0;0;0;0;0;0;0;0;0;0;0;0
VLLP.PA;31/12/2012;0;0;0;0;0;0;0;0;0;0;0;0;0
VLLP.PA;31/12/2011;0;0;0;0;0;0;0;0;0;0;0;0;0
VLLP.PA;31/12/2010;0;0;0;0;0;0;0;0;0;0;0;0;0
VLLP.PA;31/12/2009;0;0;0;0;0;0;0;0;0;0;0;0;0
VLLP.PA;31/12/2008;0;0;0;0;0;0;0;0;0;0;0;0;0
VLLP.PA;31/12/2007;0;0;0;0;0;0;0;0;0;0;0;0;0
VLLP.PA;31/12/2006;0;0;0;0;0;0;0;0;0;0;0;0;0
VLLP.PA;31/12/2005;0;0;0;0;0;0;0;0;0;0;0;0;0
VLLP.PA;31/12/2004;0;0;0;0;0;0;0;0;0;0;0;0;0
VLLP.PA;31/12/2003;0;0;0;0;0;0;0;0;0;0;0;0;0
NEXS.PA;;0;0;0;0;0;0;0;0;0;0;0;0;0
MT.AS;31/12/2022;0;0;0;0;0;0;0;1;0;0;0;0;0
MT.AS;31/12/2021;0;0;0;0;0;0;0;0;0;0;0;0;0
MT.AS;31/12/2020;0;0;0;0;0;1;0;0;0;0;0;0;0
MT.AS;31/12/2019;0;0;0;0;0;2;0;1;0;0;0;1;0
MT.AS;31/12/2018;0;0;0;0;0;0;0;0;0;0;0;0;0
MT.AS;31/12/2017;0;0;0;0;0;0;0;0;0;0;0;0;0
MT.AS;31/12/2016;0;0;0;0;0;0;0;0;0;0;0;0;0
MT.AS;31/12/2015;0;0;0;0;0;0;0;0;0;0;0;0;0
MT.AS;31/12/2014;0;0;0;0;0;1;0;1;0;0;0;0;0
MT.AS;31/12/2013;0;0;0;0;0;0;0;3;0;0;0;0;0
MT.AS;31/12/2012;0;0;0;0;0;0;1;1;0;0;0;0;0
MT.AS;31/12/2011;0;0;0;0;0;0;0;2;0;0;1;0;0
MT.AS;31/12/2010;0;0;0;0;0;2;0;6;0;0;0;0;0
MT.AS;31/12/2009;0;0;0;0;0;0;0;2;0;0;1;0;0
MT.AS;31/12/2008;0;0;0;0;0;0;0;4;0;0;0;0;0
MT.AS;31/12/2007;0;0;0;0;0;0;0;1;0;1;0;0;0
MT.AS;31/12/2006;0;0;1;1;0;0;0;2;0;0;0;0;0
MT.AS;31/12/2005;0;0;0;0;0;0;0;1;0;0;0;0;0
MT.AS;31/12/2004;0;0;0;0;0;0;0;0;0;0;1;0;0
MT.AS;31/12/2003;0;0;0;0;0;0;0;0;0;0;0;0;0
MEDCL.PA;;0;0;0;0;0;0;0;0;0;0;0;0;0
CDAF.PA;;0;0;0;0;0;0;0;0;0;0;0;0;0
PEUG.PA;;0;0;0;0;0;0;0;0;0;0;0;0;0
GNFT.PA;;0;0;0;0;0;0;0;0;0;0;0;0;0
IVAA.PA;;0;0;0;0;0;0;0;0;0;0;0;0;0
EDEN.PA;31/12/2022;0;0;0;0;0;0;0;0;0;0;0;0;0
EDEN.PA;31/12/2021;0;0;0;0;0;0;0;0;0;0;0;0;0
EDEN.PA;31/12/2020;0;0;0;0;0;0;0;0;0;0;0;0;0
EDEN.PA;31/12/2019;0;0;1;0;0;0;0;0;0;0;0;0;0
EDEN.PA;31/12/2018;0;0;0;0;0;0;0;0;0;0;0;0;0
EDEN.PA;31/12/2017;0;0;0;0;0;0;0;0;0;0;0;0;0
EDEN.PA;31/12/2016;0;0;0;0;0;0;0;0;0;0;0;0;0
EDEN.PA;31/12/2015;0;0;0;0;0;0;0;0;0;0;0;0;0
EDEN.PA;31/12/2014;0;0;0;0;0;0;0;0;0;0;0;0;0
EDEN.PA;31/12/2013;0;0;0;0;0;0;0;0;0;0;0;0;0
EDEN.PA;31/12/2012;0;0;0;0;0;0;0;0;0;0;0;0;0
EDEN.PA;31/12/2011;0;0;0;0;0;0;0;0;0;0;0;0;0
EDEN.PA;31/12/2010;0;0;0;0;0;0;0;0;0;0;0;0;0
EDEN.PA;31/12/2009;0;0;0;0;0;0;0;0;0;0;0;0;0
EDEN.PA;31/12/2008;0;0;0;0;0;0;0;0;0;0;0;0;0
EDEN.PA;31/12/2007;0;0;0;0;0;0;0;0;0;0;0;0;0
EDEN.PA;31/12/2006;0;0;0;0;0;0;0;0;0;0;0;0;0
EDEN.PA;31/12/2005;0;0;0;0;0;0;0;0;0;0;0;0;0
EDEN.PA;31/12/2004;0;0;0;0;0;0;0;0;0;0;0;0;0
EDEN.PA;31/12/2003;0;0;0;0;0;0;0;0;0;0;0;0;0
FNAC.PA;;0;0;0;0;0;0;0;0;0;0;0;0;0
COFA.PA;;0;0;0;0;0;0;0;0;0;0;0;0;0
OVH.PA;;0;0;0;0;0;0;0;0;0;0;0;0;0
NEOEN.PA;;0;0;0;0;0;0;0;0;0;0;0;0;0
HIGH.PA;;0;0;0;0;0;0;0;0;0;0;0;0;0
JCDX.PA;;0;0;0;0;0;0;0;0;0;0;0;0;0
PHXM.PA;;0;0;0;0;0;0;0;0;0;0;0;0;0
DANO.PA;31/12/2022;0;0;0;0;0;0;0;0;0;0;0;0;1
DANO.PA;31/12/2021;0;0;0;0;0;0;0;0;0;0;0;0;0
DANO.PA;31/12/2020;0;0;0;0;0;0;0;0;0;0;0;0;0
DANO.PA;31/12/2019;0;0;0;0;0;0;0;0;0;0;0;0;0
DANO.PA;31/12/2018;1;0;0;0;0;0;0;0;0;0;0;0;0
DANO.PA;31/12/2017;0;0;0;0;0;0;0;0;0;0;0;0;0
DANO.PA;31/12/2016;1;0;0;0;0;0;0;0;0;0;0;0;0
DANO.PA;31/12/2015;0;0;0;0;0;0;0;0;0;0;0;0;0
DANO.PA;31/12/2014;0;0;0;0;0;0;0;1;0;0;0;0;0
DANO.PA;31/12/2013;1;0;0;1;0;0;0;0;0;0;0;0;0
DANO.PA;31/12/2012;0;0;0;2;0;0;0;0;0;0;0;0;0
DANO.PA;31/12/2011;0;0;0;1;0;0;0;0;0;0;0;0;0
DANO.PA;31/12/2010;0;0;0;3;0;0;0;0;0;0;0;0;0
DANO.PA;31/12/2009;1;0;0;1;0;0;0;0;0;0;0;0;0
DANO.PA;31/12/2008;0;1;0;1;0;0;0;0;0;0;0;0;0
DANO.PA;31/12/2007;0;0;0;0;0;0;0;0;0;0;1;0;0
DANO.PA;31/12/2006;0;0;0;0;0;0;0;0;0;0;0;0;0
DANO.PA;31/12/2005;0;0;0;0;0;0;0;0;0;0;0;0;0
DANO.PA;31/12/2004;0;0;0;0;0;0;0;0;0;0;0;0;0
DANO.PA;31/12/2003;0;0;0;0;0;0;0;0;0;0;0;0;0
FDEL.PA;;0;0;0;0;0;0;0;0;0;0;0;0;0
SCOR.PA;31/12/2022;0;0;0;0;0;0;0;0;0;0;0;0;0
SCOR.PA;31/12/2021;0;0;0;0;0;0;0;0;0;0;0;0;0
SCOR.PA;31/12/2020;0;0;0;0;0;0;0;0;0;0;0;0;0
SCOR.PA;31/12/2019;0;0;0;0;0;0;0;0;0;0;0;0;0
SCOR.PA;31/12/2018;0;0;0;0;0;0;0;0;0;0;0;0;0
SCOR.PA;31/12/2017;0;0;0;0;0;0;0;0;0;0;0;0;0
SCOR.PA;31/12/2016;0;0;0;0;0;0;0;0;0;0;0;0;0
SCOR.PA;31/12/2015;0;0;0;0;0;0;0;0;0;0;0;0;0
SCOR.PA;31/12/2014;0;0;0;0;0;0;0;0;0;0;0;0;0
SCOR.PA;31/12/2013;0;0;0;0;0;0;0;0;0;0;0;0;0
SCOR.PA;31/12/2012;0;0;0;0;0;0;0;0;0;0;0;0;0
SCOR.PA;31/12/2011;0;0;0;0;0;0;0;0;0;0;0;0;0
SCOR.PA;31/12/2010;0;0;0;0;0;0;0;0;0;0;0;0;0
SCOR.PA;31/12/2009;0;0;0;0;0;0;0;0;0;0;0;0;0
SCOR.PA;31/12/2008;0;0;0;0;0;0;0;0;0;0;0;0;1
SCOR.PA;31/12/2007;0;0;0;0;0;0;0;0;0;0;0;0;0
SCOR.PA;31/12/2006;0;0;0;0;0;0;0;0;0;0;0;0;0
SCOR.PA;31/12/2005;0;0;0;0;0;0;0;0;0;0;0;0;0
SCOR.PA;31/12/2004;0;0;0;0;0;0;0;0;0;0;0;0;0
SCOR.PA;31/12/2003;0;0;0;0;0;0;0;0;0;0;0;0;0
EUFI.PA;31/12/2022;0;0;0;0;0;0;0;0;0;0;0;0;0
EUFI.PA;31/12/2021;0;0;0;0;0;0;0;0;0;0;0;0;0
EUFI.PA;31/12/2020;0;0;0;0;0;0;0;0;0;0;0;0;0
EUFI.PA;31/12/2019;0;0;2;0;0;0;0;0;0;0;0;0;0
EUFI.PA;31/12/2018;0;0;0;0;0;0;0;0;0;0;0;0;0
EUFI.PA;31/12/2017;0;0;0;0;0;0;0;0;0;0;0;0;0
EUFI.PA;31/12/2016;0;0;0;0;0;0;0;0;0;0;0;0;0
EUFI.PA;31/12/2015;0;0;0;0;0;0;0;0;0;0;0;0;0
EUFI.PA;31/12/2014;0;0;0;0;0;0;0;0;0;0;0;0;0
EUFI.PA;31/12/2013;0;0;0;0;0;0;0;0;0;0;0;0;0
EUFI.PA;31/12/2012;0;0;0;0;0;0;0;0;0;0;0;0;0
EUFI.PA;31/12/2011;0;0;0;0;0;0;0;0;0;0;0;0;0
EUFI.PA;31/12/2010;0;0;0;0;0;0;0;0;0;0;0;0;0
EUFI.PA;31/12/2009;0;0;0;0;0;0;0;0;0;0;0;0;0
EUFI.PA;31/12/2008;0;0;0;0;0;0;0;0;0;0;0;0;0
EUFI.PA;31/12/2007;0;0;0;0;0;0;0;0;0;0;0;0;0
EUFI.PA;31/12/2006;0;0;0;0;0;0;0;0;0;0;0;0;0
EUFI.PA;31/12/2005;0;0;0;0;0;0;0;0;0;0;0;0;0
EUFI.PA;31/12/2004;0;0;0;0;0;0;0;0;0;0;0;0;0
EUFI.PA;31/12/2003;0;0;0;0;0;0;0;0;0;0;0;0;0
EURA.PA;;0;0;0;0;0;0;0;0;0;0;0;0;0
AMUN.PA;;0;0;0;0;0;0;0;0;0;0;0;0;0
CVO.PA;;0;0;0;0;0;0;0;0;0;0;0;0;0
RUBF.PA;;0;0;0;0;0;0;0;0;0;0;0;0;0
CRIP.PA;;0;0;0;0;0;0;0;0;0;0;0;0;0
JCQ.PA;;0;0;0;0;0;0;0;0;0;0;0;0;0
BGBN.PA;;0;0;0;0;0;0;0;0;0;0;0;0;0
CAFO.PA;;0;0;0;0;0;0;0;0;0;0;0;0;0
SOGN.PA;31/12/2022;0;0;0;0;0;0;0;0;0;0;0;0;0
SOGN.PA;31/12/2021;0;0;0;0;0;0;0;0;0;0;0;0;0
SOGN.PA;31/12/2020;0;0;0;0;0;0;0;0;0;0;0;3;0
SOGN.PA;31/12/2019;0;0;0;0;0;0;0;0;0;0;0;0;0
SOGN.PA;31/12/2018;0;0;0;0;0;0;0;0;0;0;0;1;2
SOGN.PA;31/12/2017;0;0;0;0;0;0;0;0;0;0;0;0;0
SOGN.PA;31/12/2016;0;0;0;0;0;0;0;0;0;0;0;0;0
SOGN.PA;31/12/2015;0;0;0;0;0;0;0;0;0;0;0;0;0
SOGN.PA;31/12/2014;0;0;0;0;0;0;0;0;0;0;0;0;0
SOGN.PA;31/12/2013;0;0;0;0;0;0;0;0;0;0;0;0;0
SOGN.PA;31/12/2012;0;0;1;0;0;0;0;0;0;0;0;0;0
SOGN.PA;31/12/2011;0;0;0;0;0;0;0;0;0;0;0;0;0
SOGN.PA;31/12/2010;0;0;0;1;0;0;0;0;0;0;0;0;0
SOGN.PA;31/12/2009;0;0;0;0;0;0;0;0;0;0;0;0;0
SOGN.PA;31/12/2008;0;0;0;0;0;0;0;0;0;0;0;0;0
SOGN.PA;31/12/2007;0;0;0;0;0;0;0;0;0;0;0;1;0
SOGN.PA;31/12/2006;0;0;0;0;0;0;0;0;0;0;0;1;0
SOGN.PA;31/12/2005;0;0;0;0;0;0;0;0;0;0;0;0;0
SOGN.PA;31/12/2004;0;0;0;0;0;0;0;0;0;0;0;0;0
SOGN.PA;31/12/2003;0;0;0;0;0;0;0;0;0;0;0;0;0
ELIOR.PA;;0;0;0;0;0;0;0;0;0;0;0;0;0
GEPH.PA;;0;0;0;0;0;0;0;0;0;0;0;0;0
POXEL.PA;;0;0;0;0;0;0;0;0;0;0;0;0;0
;;;;;;;;;;;;;;
;;;;;;;;;;;;;;
TOT;;90;2;33;53;4;81;29;95;0;16;30;42;29
